listing_id,url,title,property_type,price,price_azn,location,address,rooms,area,floor,total_floors,description,features,agent_name,phone,date_posted,listing_code,view_count,has_document,is_credit_available,latitude,longitude,scraped_at
2,https://arenda.az/satilir-5-otaqli-heyet-evi-villa-abseron-rayonu-masazir-xirdalan-2,Satılır Həyət evi/villa,Həyət evi/villa,50 000,50 000,Xırdalan ş.,Xırdalan,5,160,,,Masazırda Yeni Bakı Yaşayış Kompleksin Yanında Tam Şəxsi Tikili 2 Sotda 4 Daş Kürsüdə 5 Otaqlı Həyət Evi Satılır 4 Bir Yani Qoşa Kubik Mərtəbələr Arası Manalit Betondur Sənəd Çıxarişdi Kupça Var Mərkəzi Kanalizasiya Sistemi Var Qaz Su İşıq Daimidir Məktəbə Bağçaya Avtobus Dayanacağına Piyada Məsafəsindədir Həyətə Asanlıqla 3 4 Maşın Daxil Ola Bilir Evimizdə Son Tamamla İşləri Qalib Evimizin Həyətinə Heç Bir Pəncərə Duşmur Qarşisi Açıqdı Daha Ətraflı Məlumat Üçün Zəng Və Ya Whatsapp Vasitəsilə Əlaqə Saxlaya Bilərsiniz Təşəkkürlər,"Təmirli, Qaz, Su, İşıq, Telefon, İnternet, Kabel TV, PVC pəncərə, Balkon, Kombi, Avtodayanacaq",Arif (Vasitəçi),(077) 717-91-90,01.01.2026,3651736,463,Bəli,Bəli,40.37336527040737,49.835700083690874,2026-01-01T15:02:13.358314
20,https://arenda.az/satilir-3-otaqli-yeni-tikili-abseron-rayonu-masazir-abs-eron-rayon-masazir-qesebesi-yeni-masazir-yasayis-kompleksi-20,Satılır Yeni Tikili,Yeni Tikili,82 000,82 000,"Masazır, Abşeron r.",Abşeron rayon Masazır qəsəbəsi Yeni Masazir yasayis kompleksi,3,90,10,11,Abşeron rayon Masazır qəsəbəsi Yeni Masazir yasayis kompleksi.Yaxinliginda Məktəb Baxça fəaliyyət göstərir.Su İşıq Qaz ve Lift daimidır.Bina 11 mərtəbəlidir.Mənzil ise 10 cu mərtəbədir.Senedleri tam qaydasindadir(Kupca var).,,RA Əmlak Abşeron (Vasitəçi),(050) 478-73-07,01.01.2026,4306930,218,Bəli,Xeyr,,,2026-01-01T15:02:13.898275
6,https://arenda.az/satilir-2-otaqli-kohne-tikili-yasamal-rayonu-nizami-metrosu-yasamal-rayonu-izmir-kucesi-6,Satılır Köhnə Tikili,Köhnə Tikili / Leninqrad,109 000,109 000,"Elmlər akademiyası m., Yasamal r.",Yasamal Rayonu İzmir kucəsi.,2,52,4,9,Mənzil Satilir Yasamal Rayonu İzmir kucəsi.Həyat Rezidenslə uzbəuz.2 otag 52 kv 9\4 Lelinqrad proyekt.Təmirli Əsyali satilir.Polu parket.İstilik sistemi kombi. Hamam tualet ayri ayri.Ətrafli məlumat ucun əlaqə saxlayin.Ofis haqqi 1%,"Təmirli, Qaz, Su, İşıq, İnternet, Kabel TV, Lift, Kombi, Kondisioner, Mətbəx mebeli, Əşyalı, Avtodayanacaq",Adil (Vasitəçi),(070) 281-00-93,01.01.2026,2253838,238,Bəli,Xeyr,,,2026-01-01T15:02:14.389810
1660,https://arenda.az/satilir-3-otaqli-yeni-tikili-abseron-rayonu-masazir-masazir-1660,Satılır Yeni Tikili,Yeni Tikili / Qurtuluş-93 - Masazır,66 000,66 000,"Masazır, Abşeron r.",Masazır,3,72,3,9,"Masazir qəsəbəsi Qurtuluş 93 yaşayış kompleksində umumi sahəsi 72 kv m olan 3 otaqlı təmirli mənzil satilir. Mənzil 9 mərtəbəli binanın 3 cü mərtəbəsində yerləsir. Şəhərcikde Məkteb baxca, futbol meydancaları 24 saat mərkəzi istilik var.Binada su isg daimidir qaz xətti çəkilib yaxn vaxlarda binaya qaz veriləcəy. Lift var. Mənzil kupcalıdır KREDİT BARTER YOXDUR. Qiymət 110 000 azn","Təmirli, Su, İşıq, Telefon, İnternet, Kabel TV, Lift, PVC pəncərə, Balkon, Kombi, Mərkəzi qızdırıcı sistem, Mətbəx mebeli, Avtodayanacaq, Düzəlmə",Qurtuluş Əmlak (Vasitəçi),(050) 202-72-25,01.01.2026,1183495,255,Bəli,Xeyr,,,2026-01-01T15:02:14.981477
72,https://arenda.az/satilir-4-otaqli-heyet-evi-villa-xirdalan-xirdalan-seheri-sixeli-qurbanov-kucesi-72,Satılır Həyət evi/villa,Həyət evi/villa,135 000,135 000,"Masazır, Abşeron r.",Xırdalan şəhəri Şixəli Qurbanov küçəsi 72,4,140,,,"Xırdalan şəhərinin ən rahat yerində yerləşən həyət evimi satıram. Ev Masazır dairəsindən Xırdalan şəhərinə girəndə birinci məhəllədə yerləşir. Evin yanında 24 və 26 saylı uşaq baxçaları, 3 nömrəli məktəb lisey yerləşir. Evin 9 metr uzunluğu,4 metr eni olan həyəti var, hər iki mərtəbədə hamam tualet var, istilik sistemi kombidir. Ev həmdə güzəştli ipotekadadır, aylığı 332 azn, yəni ilkin ödəniş ödənilərsə, güzəştli ipoteka ilə də əldə etmək olar. Sənəd tam mülkiyyətdir. Yalnız ciddi şəxslər narahat etsin.","Təmirli, Qaz, Su, İşıq, Telefon, İnternet, Kabel TV, PVC pəncərə, Balkon, Kombi, Kondisioner, Mətbəx mebeli, Əşyalı",Ramiı (Əmlak sahibi),(051) 774-09-77,01.01.2026,1846667,20,Bəli,Bəli,,,2026-01-01T15:02:15.455430
metrosu,https://arenda.az/kiraye-gunluk-3-otaqli-kohne-tikili-sebail-rayonu-sahil-metrosu-tarqovida-sahil-metrosu,Kirayə (günlük) Köhnə Tikili,Köhnə Tikili / Stalinka,50,50,"28 May m., 28 Mall, Nəsimi r.",Tarqovida Sahil metrosu,3,90,3,5,,"Təmirli, Qaz, Su, İşıq, Telefon, İnternet, Kabel TV, PVC pəncərə, Kombi, Mərkəzi qızdırıcı sistem, Kondisioner, Mətbəx mebeli, Avtodayanacaq, Balkon, Lift, Əşyalı",Gundelik kiraye ev (Əmlak sahibi),(055) 275-40-40,01.01.2026,614684,8,Xeyr,Xeyr,40.37336527040737,49.835700083690874,2026-01-01T15:02:15.621024
yani,https://arenda.az/kiraye-gunluk-2-otaqli-kohne-tikili-sebail-rayonu-iceriseher-metrosu-iceri-seher-metrosu-axundov-baginin-yani,Kirayə (günlük) Köhnə Tikili,Köhnə Tikili,50,50,"28 May m., 28 Mall, Nəsimi r.",Iceri Seher metrosu Axundov baginin yani,2,65,2,5,"Elanı sona kimi oxuyun! Şəxsi mənzilimdir,1 günlük və saatlıq vermirəm! Yalnız ailə və ya tək iş adamına verilir.!!Bulvarla uz-be-uz kiraye gunluk ev. Seherin merkezinde 2 otaqli ela temirli ve tam esyali menzil gundelik kirayeye verilir. Ancaq əcnəbi qonaqlar ve aileliler ucun verilir.MEnzil yasamaq ucun tam seraitlidir. Kombi istilik sistemi ve kandisioner, Suretli internet WI-Fi,LED tv(kabel sputnik), yumsaq ve yataq mebeli, metbex mebeli ve avadinliqlari, soyuducu, mikrodalgali soba, paltaryuyan, 24 saat isti soyuq su, qaz, isiq, temiz pastel ve desmal desti. Qiymət otaq sayından asılı olaraq 50 manatdan 120 manatadək dəyişir.","Təmirli, Qaz, Su, İşıq, Telefon, İnternet, Kabel TV, PVC pəncərə, Kombi, Mərkəzi qızdırıcı sistem, Kondisioner, Mətbəx mebeli, Avtodayanacaq",Gundelik kiraye ev (Vasitəçi),(055) 275-40-40,01.01.2026,393495,11,Xeyr,Xeyr,40.37336527040737,49.835700083690874,2026-01-01T15:02:15.908677
qarsisinda,https://arenda.az/kiraye-gunluk-3-otaqli-yeni-tikili-nesimi-rayonu-28-may-metrosu-28-may-metrosunun-qarsisinda,Kirayə (günlük) Yeni Tikili,Yeni Tikili,50,50,"28 May m., 28 Mall, Səbail r.",28 May metrosunun qarşısında,3,157,11,22,"Ev 1 gecəlik və saatlıq verilmir!. Minimum 3 günlük verilir. Yeni tikilmiş binada Super temirli,muasir mebel ve texnikayla yığılmış avanqard menzili gundelik kirayeye verirem. Ev öz evimdir. 3 otaq 157 kvm sahesi var. Şekiller eve aitdir. Ev yalniz ecnebi qonaqlar ve aileliler ucun verilir. Ciddi şexsler narahat etsin! Qiymət otaq sayından asılı olaraq 50 manatdan 120 manatadək dəyişir.","Təmirli, Qaz, Su, İşıq, Telefon, İnternet, Kabel TV, PVC pəncərə, Kombi, Mərkəzi qızdırıcı sistem, Kondisioner, Avtodayanacaq, Lift, Mətbəx mebeli, Əşyalı, Balkon",Gundelik kiraye ev (Əmlak sahibi),(055) 275-40-40,01.01.2026,995742,11,Xeyr,Xeyr,40.37336527040737,49.835700083690874,2026-01-01T15:02:16.285537
erazini,https://arenda.az/kiraye-gunluk-4-otaqli-bag-evi-xezer-rayonu-merdekan-merdekan-erazini,Kirayə (günlük) Bağ evi,Bağ evi,80,80,Qusar ş.,Mərdəkan ərazini,4,,,,"İsti hovuz. Mərdəkan ərazisində tam şəraitli, səliqəli bağ evi kirayə verilir. Ev yeni tikilib, yeni təmir olunub, bütün mebel və əşyalar yenidir. İstirahət üçün hər bir şəraiti var. 3 yataq otaqı, 1 mətbəxt, 2 sanuzel var. Evdə Tv kabel, internet, kondisionerlər, paltaryuyan və s mövcuddur. Həyətdə 1 sanuzel, manqalni, stol stul, filterli İSTİ hovuzdan istifadə edərək istirahət edə bilərsiz. Dənizə 15 dəqiqəlik yol var (maşınla) . Əsas yoldan 1km aralıda sakitçilik ərazidə yerləşir. Bron etmək üçün əlaqə saxlaya bilərsiz","Təmirli, Qaz, Su, İşıq, İnternet, Kabel TV, PVC pəncərə, Kombi, Mərkəzi qızdırıcı sistem, Kondisioner, Mətbəx mebeli",Ruslan (Əmlak sahibi),(051) 917-08-80,01.01.2026,9953737,21,Xeyr,Xeyr,40.492327137818634,50.135283568878066,2026-01-01T15:02:16.453217
23,https://arenda.az/kiraye-gunluk-4-otaqli-heyet-evi-villa-gence-gence-molunn-arxasi-hesenli-qardasli-23,Kirayə (günlük) Həyət evi/villa,Həyət evi/villa,90,90,Qusar ş.,"Gence Molunn arxasi, Hesenli qardasli 23",4,,,,"Salam. Gəncə şəhərinin tam mərkəzində (Gence mallin arxasinda) yerləşən təmirli və əşyalı həyət evi qısa və uzunmüddətli (günlük, həftəlik, aylıq) icarəyə verilir. Gecəlik qiymət – 60 manat. Qonaqların sayı 5 nəfərdən artıq olduqda, qiymət dəyişə bilər. Evin yalnız ailələr, iş adamları, eləcə də yerli və xarici qonaqlar üçün nəzərdə tutulduğunu diqqətinizə çatdırıram. Xahiş edirəm, başqa məqsədlər üçün müraciət etməyin.","Təmirli, Qaz, Su, İşıq, Telefon, İnternet, Kabel TV, PVC pəncərə, Kombi, Mərkəzi qızdırıcı sistem, Kondisioner, Mətbəx mebeli, Avtodayanacaq, Əşyalı",Yaşar Xəlilov (Əmlak sahibi),(050) 756-26-00,01.01.2026,4875250,43,Xeyr,Xeyr,40.37336527040737,49.835700083690874,2026-01-01T15:02:16.718262
gardashlari,https://arenda.az/kiraye-gunluk-2-otaqli-yeni-tikili-nesimi-rayonu-merdanov-gardashlari,Kirayə (günlük) Yeni Tikili,Yeni Tikili,50,50,"28 May m., 28 Mall, Nəsimi r.",Merdanov Gardashlari,2,70,14,18,Tibb universitetinin yani. Gunluk kiraye Yenitikili 2 otagli. Gaz Kombi istilik sistemi. Wifi. Tv. Binada parking . 14 mertebe. Etrafda gipermarketlar restoranlar Elage whatsapla. Giymet 50-70 azn deyishe biler.,"Təmirli, Qaz, Su, İşıq, Telefon, İnternet, Kabel TV, PVC pəncərə, Kombi, Kondisioner, Mətbəx mebeli, Avtodayanacaq, Lift, Balkon, Əşyalı",Farah (Əmlak sahibi),(070) 821-18-88,31.12.2025,9923282,31,Xeyr,Xeyr,40.400313265457704,49.83151744003974,2026-01-01T15:02:17.050655
1,https://arenda.az/kiraye-ayliq-obyekt-abseron-rayonu-novxani-novхany-1,Kirayə (aylıq) Obyekt,Obyekt,800,800,"Həzi Aslanov m., Əhmədli, Xətai r.",Новханы,,1200,,,"Anbar, sklad (склад) və ya istehsal üçün sahə (1200 kv.m.) şəhər mərkəzindən 15 dəqiqəlik məsafədə. Balkonlu iki mərtəbəli ofis (4 böyük otaq 135 kv.m, üç sanitar qovşağı təşkil etmək imkanı ilə), üstəlik birinci mərtəbədə sanitar qovşağı. Tavanın hündürlüyü - 6 m. 24 saat mühafizə və video nəzarət. İşıq, su, mətbəx, duş, şəhər telefonu, internet və s. Anbara ağır maşınlar üçün rahat şəkildə giriş- çıxış mövcuddur (tıxac yoxdur, asfalt).","Təmirli, Qaz, Su, İşıq, Telefon, İnternet, Kabel TV, PVC pəncərə, Kombi, Avtodayanacaq, Balkon",Ильгар (Əmlak sahibi),(077) 744-99-55,31.12.2025,929727,12,Xeyr,Xeyr,40.5221023509715,49.80227442291799,2026-01-01T15:02:17.359310
44,https://arenda.az/satilir-2-otaqli-yeni-tikili-yasamal-rayonu-20-yanvar-metrosu-yasamal-qes-hesen-bey-zerdabi-44,Satılır Yeni Tikili,Yeni Tikili,269 000,269 000,"Elmlər akademiyası m., Yasamal qəs., Yasamal r.",Hesen bey Zerdabi,2,52,12,19,"Melissa ASP yasayis kompleksi. Menzil Kupcali, Dovlet İpotekasina yararli ideal temirli menzildir. Ev 1 otagdan 2 otaga duzelmedir ve Tam Əşyali sekilde satilir.Alib kiraye vermek ucun ideal variantdir.Bina geniş yaşilligli heyet, usag oyun meydancasi, yeralti garaj, aptek, usag bağcasi, supermarket her bir şerait ile temin olunub. Kompleks 20 Yanvar metrosuna piyada 2 deq mesafede yerlesir, Zerdabi ve Tibilisi prospektlerine birbasa çixisi var. Xidmet haqqi 1%.","Təmirli, Qaz, Su, İşıq, Telefon, İnternet, Kabel TV, Lift, PVC pəncərə, Balkon, Kombi, Kondisioner, Mətbəx mebeli, Əşyalı, Avtodayanacaq, Düzəlmə, Hovuz",Umid (Vasitəçi),(050) 991-00-88,31.12.2025,8755120,22,Bəli,Bəli,40.400228942042354,49.80755515722386,2026-01-01T15:02:18.044245
yani,https://arenda.az/kiraye-gunluk-1-otaqli-kohne-tikili-sebail-rayonu-iceriseher-metrosu-nazirler-kabinetinin-yani,Kirayə (günlük) Köhnə Tikili,Köhnə Tikili,50,50,"28 May m., 28 Mall, Nəsimi r.",Nazirlər kabinetinin yanı,1,40,3,5,"Diqqət! SAATLİQ VƏ 1 GÜNLÜK V E R İ L M İ R. ANCAQ AİLƏYƏ VƏ YA İŞ ADAMİNA NƏZƏRDƏ TUTULUB! MİNİMUM 3 GÜN VERİLİR Super temirli,muasir mebel ve texnikayla yığılmış menzili gundelik kirayeye verirem. Ev öz evimdir. 1 otaq 40 kvm sahesi var. Şekiller eve aitdir. Ev yalniz ecnebi qonaqlara ve aileliler ucun verilir. ƏRƏB TURİSTLƏRİ ÜÇÜN NARAHAT ETMƏYİN!! Ciddi şexsler narahat etsin! . Qiymet:50-70 manat","Qaz, Su, İşıq, Telefon, İnternet, Kabel TV, PVC pəncərə, Mərkəzi qızdırıcı sistem, Kondisioner, Mətbəx mebeli",Gundelik kiraye ev (Əmlak sahibi),(055) 275-40-40,30.12.2025,6702879,41,Xeyr,Xeyr,40.37336527040737,49.835700083690874,2026-01-01T15:02:18.219762
3,https://arenda.az/kiraye-gunluk-3-otaqli-kohne-tikili-sebail-rayonu-iceriseher-metrosu-iceri-seher-metrosu-3,Kirayə (günlük) Köhnə Tikili,Köhnə Tikili,50,50,"28 May m., 28 Mall, Nəsimi r.",İçəri Şəhər metrosu,3,105,5,9,,"Təmirli, Qaz, Su, İşıq, Telefon, İnternet, Kabel TV, PVC pəncərə, Kombi, Mərkəzi qızdırıcı sistem, Kondisioner, Mətbəx mebeli, Avtodayanacaq, Lift, Balkon, Əşyalı",Gundelik kiraye ev (Əmlak sahibi),(055) 275-40-40,30.12.2025,1124121,46,Xeyr,Xeyr,40.37336527040737,49.835700083690874,2026-01-01T15:02:18.488438
kompleksi,https://arenda.az/satilir-3-otaqli-yeni-tikili-yasamal-rayonu-elmler-akademiyasi-metrosu-yasamal-qes-yasamal-rayonu-park-yasamal-yasayis-kompleksi,Satılır Yeni Tikili,Yeni Tikili,340 000,340 000,"İnşaatçılar m., Yasamal qəs., Yasamal r.",Yasamal Rayonu Park Yasamal Yasayis kompleksi,3,86,12,16,Mənzil Satilir Yasamal Rayonu Park Yasamal Yasayis kompleksində 3 otag Radnoy 86 kv 16\12.Əla təmirli təmirdən sonra yasayis olmayib mənzildə.Mənzil Yelcəkəndi skvaznoy.2 sanuzel (hamam tualet).Qaz su isig və lift daimdir.1 boyuk Qonag otagi 2 yatag otagi 1 mətbəxt.Real olan mustəriyə endirim olunacag.Ətrafli məlumat ucun əlaqə saxlayin.Ofis haqqi 1%,"Təmirli, Qaz, Su, İşıq, Lift, Balkon, Kombi, Avtodayanacaq",Adil (Vasitəçi),(070) 281-00-93,01.01.2026,9355050,309,Bəli,Bəli,40.37336527040737,49.835700083690874,2026-01-01T15:02:19.299146
uzbeuz,https://arenda.az/satilir-4-otaqli-kohne-tikili-bineqedi-rayonu-azadliq-metrosu-8-ci-mikrorayon-8ci-mikrarayon-azadliq-metrosunun-yani-kontakhomela-uzbeuz,Satılır Köhnə Tikili,Köhnə Tikili / Leninqrad,230 000,230 000,"Nizami m., Yasamal r.",8ci Mikrarayon. Azadlıq metrosunun yanı. Kontakhomela üzbəüz.,4,100,6,9,"Təcili ev satılır. Azadlıq metrosunun düz yanında. Kontokthomela üzbəüz. Qeyd edim ki, blokdan çıxan kimi 1-2 dəq ərzində metroya çatırsan. Mənzilimiz Lenqrad layihəli 9 mərtəbəli binanın 6cı mərtəbəsində yerləşir. 4 otaqlıdı və 100 m² dır. Ev mərkəzi istlik sistemi ilə təmin olunub. Su, qaz işıq daimidi. Evimizin 3 balkonu var. Qeyd edim ki, evimiz binanın 1ci blokunda yerləşir. Əlavə olaraq evimiz əşyalı satılır. MƏLUMAT VASTƏÇİ PULU 2%Dİ NƏZƏRƏ ALIB ZƏNG VURUN.","Təmirli, Qaz, Su, İşıq, İnternet, Mərkəzi qızdırıcı sistem, Mətbəx mebeli, Əşyalı",Hüseyn (Vasitəçi),(077) 363-64-14,30.12.2025,1711191,50,Bəli,Xeyr,,,2026-01-01T15:02:19.552822
novostroyka,https://arenda.az/kiraye-gunluk-3-otaqli-yeni-tikili-nesimi-rayonu-28-may-metrosu-28-mall-in-arxasinda-novostroyka,Kirayə (günlük) Yeni Tikili,Yeni Tikili,50,50,"28 May m., 28 Mall, Səbail r.",28 Mall-ın arxasında novostroyka.,3,157,4,18,"Ev 1 gecəlik və saatlıq verilmir!. Minimum 3 günlük verilir. Yeni tikilmiş binada Super temirli,muasir mebel ve texnikayla yığılmış avanqard menzili gundelik kirayeye verirem. Ev öz evimdir. 3 otaq 157 kvm sahesi var. Şekiller eve aitdir. Ev yalniz ecnebi qonaqlar ve aileliler ucun verilir. Ciddi şexsler narahat etsin! Qiymət otaq sayından asılı olaraq 50 manatdan 120 manatadək dəyişir. 1 otaq 50 manat, 2 otaq 60 manat, 3 otaq 80-100 manat, 4 otaq 120 manat.","Təmirli, Qaz, Su, İşıq, Telefon, İnternet, Kabel TV, PVC pəncərə, Kombi, Mərkəzi qızdırıcı sistem, Kondisioner, Mətbəx mebeli, Avtodayanacaq, Lift, Balkon, Əşyalı",Asim (Əmlak sahibi),(055) 275-40-40,30.12.2025,555607,51,Xeyr,Xeyr,40.407229501974165,49.85458283515618,2026-01-01T15:02:19.920775
9,https://arenda.az/satilir-2-otaqli-yeni-tikili-nerimanov-rayonu-genclik-metrosu-baki-seheri-nerimanov-rayonu-9,Satılır Yeni Tikili,Yeni Tikili,220 000,220 000,"İnşaatçılar m., Yasamal r.","Bakı şəhəri, Nərimanov rayonu",2,59,8,9,"TƏCİLİ SATILIR!!!!!!!!!!!!ŞƏHƏRİN hərin ƏN ƏLVERİŞLİ VƏ PRESTİJLİ YERİNDƏ!!!!! Ünvan: Gənclik metrosuna yaxın, Gənclik Mall-ın yanı Mərtəbə: 9 / 8 Sahə: 59 kv.m Otaq sayı: 2 otaq (Studiya tipli mətbəx) Vəziyyət: Əşyalı Həyətdə geniş maşın dayanacağı mövcuddur .",,Miras Group (Vasitəçi),(070) 311-95-61,29.12.2025,6433494,38,Bəli,Xeyr,,,2026-01-01T15:02:20.757737
33,https://arenda.az/kiraye-gunluk-2-otaqli-yeni-tikili-nesimi-rayonu-28-may-metrosu-e-suleyman-33,Kirayə (günlük) Yeni Tikili,Yeni Tikili,50,50,"28 May m., 28 Mall, Nəsimi r.",E. Suleyman 33,2,80,12,19,"2 otaqlı, 12-ci mərtəbə, tam təmirli mənzil. Tam əşyalı: kondisioner, kombi, internet,2 balkon, Smart TV. 24 saat mühafizə, lift. 28 May metrosu və 28 Mall 10 dəqiqəlik məsafədə. Qiymət gün, bayram, sezon asılı olaraq dəyişə bilər. Saatlıq, ad günü, qeyri-etik məqsədlərlə verilmir. Əlaqə: zəng edin və ya WhatsApp yazın","Təmirli, Qaz, Su, İşıq, İnternet, Kabel TV, PVC pəncərə, Kombi, Mərkəzi qızdırıcı sistem, Kondisioner, Mətbəx mebeli",Gulya (Əmlak sahibi),(055) 881-05-93,29.12.2025,628596,45,Xeyr,Xeyr,40.38398250443752,49.84432606788251,2026-01-01T15:02:21.029981
212,https://arenda.az/satilir-2-otaqli-yeni-tikili-abseron-rayonu-masazir-masazir-qesebesi-yeni-baki-y-k-istiqlaliyyet-kucesi-55-212,Satılır Yeni Tikili,Yeni Tikili / Qurtuluş-93 - Masazır,115 000,115 000,"Masazır, Abşeron r.","Masazir qesebesi,,Yeni Baki,, y/k.istiqlaliyyet kucesi 55",2,58,6,6,"KUPCALI.... Masazirda Qurtuluw 93 yawayiw kompleksinde tam merkezde parka baxan 6 mertebeli binanin 6ci mertebesinde sahesi 58kv olan 2 otaqa mukemmel duzeldilmiw ela temirli menzil satilir.otaqlara ve metbexe pencere duwur.menzil butun infrastruktura yaxinda yerlewir.istilik sistemi merkezidir,su fasilesizdir.kompleksde yawayiw ucun zeruri olan her werait var.","Təmirli, Su, İşıq, İnternet, Kabel TV, PVC pəncərə, Mərkəzi qızdırıcı sistem, Kondisioner, Mətbəx mebeli, Əşyalı, Avtodayanacaq, Düzəlmə",Retro Emlak (Vasitəçi),(070) 377-77-64,27.12.2025,3434894,186,Bəli,Xeyr,40.4920053809493,49.75159420013877,2026-01-01T15:02:21.701353
347,https://arenda.az/satilir-3-otaqli-heyet-evi-villa-xezer-rayonu-bine-qes-e-isazade-347,Satılır Həyət evi/villa,Həyət evi/villa,135 000,135 000,"Masazır, Abşeron r.",E.İsazade,3,75,,,"Bine qesebesi Esas yola 400-metr mesafede 3-otaqli ev satilir. Kursuludur, cut dashla tikilmishdir. Qaz, su, ishiq var. İstilik sistemi kombidir. Otaqlari genish ve ishiqlidir. Temirinde keyfiyyetli materiallardan istifade olunmushdur. Ev Eshyali satilir. ___ KUPCA VAR___İPATEKAYA YARARLİDİR____ Elverishli erazide yerleshir. Real alici ile qiymetde razilashmaq olar. Daha etrafli melumat ucun gosterilen nomre ile elaqe saxlaya bilersiniz","Təmirli, Qaz, Su, İşıq, İnternet, PVC pəncərə, Kombi, Kondisioner, Mətbəx mebeli, Əşyalı, Avtodayanacaq",Huseyn (Vasitəçi),(070) 660-56-76,28.12.2025,6159641,82,Bəli,Bəli,40.43267416088246,50.091857332478725,2026-01-01T15:02:22.126178
22,https://arenda.az/satilir-3-otaqli-yeni-tikili-yasamal-rayonu-elmler-akademiyasi-metrosu-yasamal-qes-yasamal-r-statistika-dairesi-sahbazi-kuc-22,Satılır Yeni Tikili,Yeni Tikili,335 000,335 000,"28 May m., 28 Mall, Nərimanov r.","Yasamal r. Statistika dairesi , Sahbazi kuc 22",3,90,10,12,"AzinTrend Daşınmazemlak şirkətidən Eksluziv təklif COX TECILI PODMAYAK QIYMETINE Yasamal r. Merkezi parkin yaxinligi, Statistika idaresin yaninda yerlesen Park Town yasayis kompleksinde tam yeni temirden cixmis , yasayis olmayan 3 otaqli menzil satisa cixarilib. Binada Qaz ar. Cixaris 2026 ci ilin ilk rubunde verilecek. Komplek seherde sayilib secilen yasayis kompleklerindendi. Real aliciya endirim olacaq. Xahis olunur real alicilar narahjat elesin. xidmet haqqi 1 %dir",,AzinTrend (Vasitəçi),(077) 230-05-05,27.12.2025,6298533,70,Bəli,Bəli,,,2026-01-01T15:02:22.736420
12,https://arenda.az/kiraye-ayliq-3-otaqli-yeni-tikili-xetai-rayonu-hezi-aslanov-metrosu-ehmedli-ehmedli-metrosu-c-m-hadi-kuc-12,Kirayə (aylıq) Yeni Tikili,Yeni Tikili,1 200,1 200,"28 May m., 28 Mall, Nəsimi r.",Ehmedli metrosu ç M.Hadi kuc 12,3,91,9,14,"Elimyandi TECILI təklif COX TƏCİLİ Əhmədli metrostansiyasının düz yanında yerləşən əşyali mənzil kirayə verilir.Mənzildə lazım olan hər bir avadanlıq mövcuddur.Mənzil gün düşəndir.İstilik sistemi kombidir,qaz su işıq daimidir,otaqlar geniş və işıqlıdır,şəhərə ponaraması var.Bütün infrastrukturlar və iaşə obyektləri məktəblər,marketlər,bağçalar,klinikalar,apteklər və s. yaxınlıqda yerləşir..Kompleksdə 60 sot qapalı həyətyanı sahə, həmçinin, uşaqlarınız üçün geniş oyun meydançası və atraksionlar, yeraltı parkinqdən liftə birbaşa çıxış fəaliyyət göstərəcək.Qazı,suyu,ışığı daimdir.Mənzil uzunmuddətli və yalnız ailəyə verilir. 1ay müddətinə depozit odənilməlidir.Xidmet haqqi 30%dir.",,AzinTrend (Vasitəçi),(077) 230-05-05,29.12.2025,9602843,42,Xeyr,Xeyr,,,2026-01-01T15:02:23.205457
kucesi,https://arenda.az/satilir-2-otaqli-yeni-tikili-nerimanov-rayonu-elmler-akademiyasi-metrosu-yasamal-rayonu-musteqillik-kucesi,Satılır Yeni Tikili,Yeni Tikili,171 157,171 157,"İnşaatçılar m., Yasamal qəs., Yasamal r.","Yasamal rayonu Müstəqillik küçəsi,",2,38,12,16,"HAZIR DAXİLİ İPOTEKA!! Yasamal rayonu Müstəqillik küçəsi, Kristal Abşeron Yasamal (3N’li Asan Xidmətin Arxası) Yeni tikili 16 mərtəbəli binanın 12 mərtəbəsində ümumi sahəsi 38.2kv olan 2 otaq studio tam təmirli, əşyalı, kupçalı mənzil satılır. Qaz su işıq daimidir. İstilik sistemi kombidir. Mənzilin ilkin ödənişi 27.000 manat, 10 illik ayda 1490 manat, 20 illik ayda 1190 manat ödəməklə bu mənzilə sahib ola bilərsiz. Rəsmi iş yeri mütləqdir!! Dövlət və ya özəl fərq etmir. Minimal əmək haqqı kifayət edir. Mənzilin nağd qiyməti 135.000 manatdır. Şirkətin ofis haqqı 1500 manat təşkil edir.",,Məhəmməd bəy (Vasitəçi),(077) 444-27-26,26.12.2025,4322009,418,Bəli,Bəli,40.37336527040737,49.835700083690874,2026-01-01T15:02:23.871100
1656,https://arenda.az/satilir-3-otaqli-yeni-tikili-abseron-rayonu-masazir-masazir-1656,Satılır Yeni Tikili,Yeni Tikili,269 000,269 000,"Elmlər akademiyası m., Yasamal qəs., Yasamal r.",Masazir,3,120,4,6,"Masazir qəsəbəsi qurtuluş 93 yaşayiş kompilekisində 6 mərtəbəli binanin 4- cü mərtəbəsində sahəsi 120 kv olan qanuni 3 otaqli mənzill satilir. Mənzilin döşəməsi. 1- ci növ parketdir. Bina kupcalidir. Məktəb, baxca, əyləncə parki binaya yaxin məsafədə yerləşir. Real aliciya endir olacaq. QEYİD MÜŞTƏRİ TƏRƏFİNDƏN OFİS XİDMƏT HAQQİ 1% TƏŞKİL EDİR",,Mehrac Quliyev (Vasitəçi),(050) 205-44-55,25.12.2025,5797153,100,Bəli,Bəli,40.37336527040737,49.835700083690874,2026-01-01T15:02:24.419220
34,https://arenda.az/satilir-2-otaqli-yeni-tikili-xetai-rayonu-xetai-metrosu-suleyman-vezirov-kuc-34,Satılır Yeni Tikili,Yeni Tikili,269 000,269 000,"Elmlər akademiyası m., Yasamal qəs., Yasamal r.",Süleyman Vəzirov küç,2,80,15,16,"EKSKLÜZİV SATIŞ TƏKLİFİ – İDEAL MTK Şəhərin ən prestijli yaşayış komplekslərindən biri olan İdeal MTK-da, nadir tapılan, rahat planlaşdırmalı və keyfiyyətli 2 otaqlı mənzil satışa çıxarılıb. Həm yaşayış, həm də investisiya üçün ideal seçimdir. Mənzil haqqında məlumat: Ümumi sahə: 80 m² Otaq sayı: 2 Sənəd: Çıxarış (kupça) Qiymət: 230 000 AZN (Real alıcı ilə razılaşma mümkündür) Mənzil geniş və işıqlı otaqlara, funksional planlaşdırmaya malikdir. Böyük vitraj pəncərələr sayəsində gün işığı maksimum dərəcədə mənzilə daxil olur və açıq şəhər mənzərəsi rahatlıq hissi yaradır. Ümumi yaşayış mühiti yüksək səviyyədədir. Bina və kompleks üstünlükləri: Səliqəli və baxımlı blok Müasir lift sistemi Təhlükəsiz və rahat yaşayış mühiti Seçilmiş və sakit qonşuluq Ərazi infrastrukturu: Marketlər və ticarət obyektləri, məktəb və uşaq bağçaları, ictimai nəqliyyat xətləri və əsas yollar yaxın məsafədə yerləşir. Gündəlik yaşayış üçün lazım olan bütün infrastruktura rahat çıxış mövcuddur. Bu mənzil həm komfortlu həyat tərzi, həm də dəyərini qoruyan uğurlu investisiya üçün çox sərfəli təklifdir. Ətraflı məlumat və mənzilə baxış üçün əlaqə saxlayın. Bu tip təkliflər bazarda uzun müddət qalmır.","Təmirsiz, Qaz, Su, Lift, PVC pəncərə, Balkon",HomeVision (Vasitəçi),(099) 718-06-08,25.12.2025,8521225,217,Bəli,Bəli,40.38383435652962,49.87047158739996,2026-01-01T15:02:25.507008
4,https://arenda.az/kiraye-ayliq-3-otaqli-ofis-xetai-rayonu-8-noyabr-pr-4,Kirayə (aylıq) Ofis,Ofis,9 000,9 000,Nərimanov r.,8 Noyabr pr.,3,75,,,,,Xan Azəroğlu (Vasitəçi),(070) 799-66-00,25.12.2025,4237114,113,Xeyr,Xeyr,40.36933991643239,49.93733434768316,2026-01-01T15:02:25.720683
28,https://arenda.az/satilir-torpaq-xezer-rayonu-sagan-sagan-qes-28,Satılır Torpaq,Torpaq,140 000,140 000,"Şüvəlan, Xəzər r.",Sagan qes.,,,,,"Şagan qesebesinde cox prestijli bir yerde, şeherden uzu Merdekana gelende ""Access"" banki keçdikden sonra, yolun solunda, “Şagan Eliller Pansionati” ile uzbeuz, 4 terefi yasayis olan mehellede 5 sot torpaq sahesi satilir.Torpaq sahesi hasara alinib,qapisi qoyulub,yolu asfaltlidir. Etrafi yasayis evleri ve villalardir.Torpaq sahesi rahatliqla bolguye gedir.Sakit,rahat,prestijli bir mehelledir.Qazi,isiqi,icmeli suyu,telefonu,internet xetti daimidir.Senedleri tam qaydasindadir [kupca 5 sot].","Qaz, Su, İşıq",Rahat ev (Vasitəçi),(055) 231-81-00,26.12.2025,3710506,47,Bəli,Xeyr,40.37336527040737,49.835700083690874,2026-01-01T15:02:26.246801
113,https://arenda.az/satilir-torpaq-xezer-rayonu-merdekan-merdekan-q-113,Satılır Torpaq,Torpaq,140 000,140 000,"Şüvəlan, Xəzər r.",Merdekan q.,,,,,"Merdekan qesebesinde cox prestijli bir yerde, seherden uzu Merdekana gelende, Merdekan korpusune qalxmamis yolun sag terefinde, merkezi magistral yoldan texminen 800-900 m iceride, yoldan 2-ci heyetde,4 sot torpaq sahesi satilir. Torpaq sahesi hasara alinib,qapisi qoyulub,yolu asfaltlidir. Etrafi yasayis evleri ve villalardir. Torpaq sahesi rahatliqla bolguye gedir.Sakit,rahat,prestijli bir mehelledir.Qazi,isiqi,icmeli suyu, telefon-internet xetti daimidir.Senedleri tam qaydasindadir [kupca 4 sota]. mehelledir.Qazi,isiqi,icmeli suyu, telefon-internet xetti daimidir.Senedleri tam qaydasindadir [kupca 12 sota]. QEYD:Torpaq sahesi 4-4-4 sot bolunerek satila biler. Qiymet:100 000 AZN.","Qaz, Su, İşıq",MƏRDƏKAN BAĞLARI (Vasitəçi),(055) 231-81-00,25.12.2025,7482055,64,Bəli,Xeyr,40.37336527040737,49.835700083690874,2026-01-01T15:02:26.697941
1,https://arenda.az/satilir-1-otaqli-yeni-tikili-nerimanov-rayonu-neriman-nerimanov-metrosu-montin-qes-mayakovski-1,Satılır Yeni Tikili,Yeni Tikili,269 000,269 000,"Elmlər akademiyası m., Yasamal qəs., Yasamal r.",Mayakovski,1,37,7,15,,,HomeVision Fərid (Vasitəçi),(050) 493-11-77,24.12.2025,8113770,159,Bəli,Bəli,40.39434682602342,49.87642638718013,2026-01-01T15:02:27.926539
sahil,https://arenda.az/satilir-3-otaqli-heyet-evi-villa-suraxani-rayonu-3-cu-sahil,Satılır Həyət evi/villa,Həyət evi/villa,135 000,135 000,"Masazır, Abşeron r.",3-cü Sahil,3,100,,,"Suraxanı rayonu, Hövsan qəsəbəsinin ən prestij yerində, köhnə Embawudun yanınnda, sakitliyi və gözəl havası ilə fərqlənən 8 sotun (40*20) içində 3 kubiklə tikilmiş ümumi sahəsi 100 kv. m. olan təmirli həyət evi satılır. Evin 2 mətbəxi, 2 yataq və 1 qonaq otaqları var Sanitar qovşağı həyətdədir.Kanalizasiya sistemi mərkəzləşdirilmişdir Həyətin ətrafı daşla hasarlanmış və dəmir qarvaza qoyulmuşdur, müşahidə kamerası quraşdırılmışdır Həyətdə 70ə yaxın meyvə ağacları əkilib. Bağın suvarmasında quyudan istifadə edilir. Qaz, su və elektrik təchizatı daimidir Optik internet mövcuddur Evin arxasında 196 saylı orta məktəb, uşaq bağcası, 150 metr məsafədə market, 200 metrdə ""Araz"" supermarket, restoranlar və kafelər, 500 metrdə ""Hövsan Mall"", apteklər və başqa obyektlər fəaliyyət göstərirlər. Avtobuslar qəsəbənin daxilində və ətrafında işləyirlər Sənədi evə ÇIXARIŞDIR.","Təmirli, Qaz, Su, İşıq, İnternet, Balkon, Mətbəx mebeli",Alyans Əmlak (Vasitəçi),(010) 514-81-48,24.12.2025,6091406,226,Bəli,Bəli,40.35551114211321,50.06920247169136,2026-01-01T15:02:28.340777
1,https://arenda.az/satilir-3-otaqli-kohne-tikili-yasamal-rayonu-elmler-akademiyasi-metrosu-zahid-xelilov-kucesi-yasamal-parkinin-yani-1,Satılır Köhnə Tikili,Köhnə Tikili / Eksperimental,230 000,230 000,"Nizami m., Yasamal r.",Zahid Xəlilov küçəsi Yasamal Parkının yanı,3,90,3,9,"Şpx təcili dəyərindən aşağı qiymətə satılır. Yasamal rayonu ,Akim Abbasov küçəsi Yasamal Parkının yanı., 9 mərtəbəli ekisprimental lahiyəli binanın 3 cü mərtəbəsində umumo 90 kv sahəsi olan 3 otaqlı yevro təmirli mənzil satılır. Mənzil orta blokdur, tam yel çəkəndir.Mənzilin təmiri zamanı tap padmayak edilib sonra sıfırdan tam yevro tıəmir edilib, təmir satış üçün edilməyib.Təmir zamanı yüksək keyfiyətli materyallardan istifadə edilib. Mənzildə yaşamaq üçün hər şərait sahibi tərəfindən nəzərə alınıb. Mənzi bütün mebel və aksesuarla birgə satılır, yəni satış zamanı mənzildən heçnə çıxarılmayacaq. Mənziln ətraflında məktəb, baxça və bütün iaşə abyektləri mövcutdur. Binada su, qaz, işıq daimidir. Mənzillin sənədi KUPÇA (Çıxarış) . İPOTEKAYA YARARLIDIR.","Təmirli, Qaz, Su, İşıq, Lift",Elan sahibi (Vasitəçi),(070) 798-09-90,24.12.2025,3407296,101,Bəli,Xeyr,40.38558883431559,49.81104521842598,2026-01-01T15:02:28.878489
7,https://arenda.az/satilir-3-otaqli-yeni-tikili-abseron-rayonu-masazir-masazir-qesebesi-rahat-nefes-y-k-azadliq-kuc-7,Satılır Yeni Tikili,Yeni Tikili,115 000,115 000,"Masazır, Abşeron r.","Masazir qesebesi,,Rahat Nefes,,y/k.Azadliq kuc 7",3,84,7,8,"TECILI...KUPCA... QAZ...IPOTEKAYA YARARLI...Masazirda duz golunun yaninda inwa edilmiw RAHAT NEFES yawayiw kompleksinde 8 mertebeli binanin 7ci mertebesinde sahesi 84kv olan qanuni 3 otaqli ela temirli menzil satilir.pol parket,yelceken 2 balkonu var.binalar daw binalardir.qonwudan ses kecmir.qaz lift var,su fasilesizdir.kompleksin erazisinde yawayiw ucun zeruri olan her werait var","Təmirli, Qaz, Su, İşıq, İnternet, Kabel TV, Lift, PVC pəncərə, Balkon, Kombi, Mərkəzi qızdırıcı sistem, Kondisioner, Mətbəx mebeli, Əşyalı, Avtodayanacaq",Retro Emlak (Vasitəçi),(070) 377-77-64,24.12.2025,7758391,185,Bəli,Xeyr,40.48212595258479,49.77896493347884,2026-01-01T15:02:29.459991
kuc,https://arenda.az/satilir-3-otaqli-yeni-tikili-nesimi-rayonu-28-may-metrosu-nesimi-r-kaverockin-kuc,Satılır Yeni Tikili,Yeni Tikili,269 000,269 000,"Elmlər akademiyası m., Yasamal qəs., Yasamal r.",Nəsimi r. Kaveroçkin küç,3,110,12,18,"PREMIUM BİNADA PREMIUM MƏNZİL – 28 MAY METROSUNA 1 DƏQİQƏ Ünvan: 28 May metrosundan cəmi 1 dəqiqə piyada Sahə: 110 kv.m Otaq sayı: 3 otaq Təmir: Çox super təmirli Bina: Bakı şəhərinin ən premium, ən bahalı və tam infrastrukturlu yaşayış komplekslərindən biri Parkinq: Yeraltı geniş parkinq Həyətyanı sahə: Böyük həyət, futbol meydançası və istirahət zonaları Təhlükəsizlik: 24/7 mühafizə və kamera sistemi Lift: Schlinder markalı sürətli, yeni nəsil liftlər Mənzil: Tam əşya və avadanlıqlarla birlikdə satılır Qiymət həqiqətən çox yaxşıdır. Real alıcı ilə razılaşma mümkündür.","Təmirli, Qaz, Su, İşıq, Telefon, İnternet, Kabel TV, Lift, PVC pəncərə, Balkon, Kombi, Mərkəzi qızdırıcı sistem, Kondisioner, Mətbəx mebeli, Əşyalı, Avtodayanacaq, Hovuz",Elan Sahibi (Vasitəçi),(070) 298-09-90,24.12.2025,3326020,102,Bəli,Bəli,,,2026-01-01T15:02:30.005030
124,https://arenda.az/satilir-3-otaqli-yeni-tikili-abseron-rayonu-masazir-masazir-qesebesi-qurtuluw-93-y-k-istiqlaliyyet-kucesi-44-124,Satılır Yeni Tikili,Yeni Tikili,115 000,115 000,"Masazır, Abşeron r.","Masazir qesebesi,,Qurtuluw 93,,y/k.istiqlaliyyet kucesi 44",3,92,1,5,"KUPCALI....Masazirda Qurtuluw 93 yawayiw kompleksinde 5 mertebeli binanin 1ci mertebesinde sahesi 92kv olan 3 otaqli ela temirli menzil satilir.istilik sistemi merkezidir,su fasilesizdir.kompleksde yawayiw ucun zeruri olan her werait var","Təmirli, İşıq, İnternet, Kabel TV, PVC pəncərə, Balkon, Mərkəzi qızdırıcı sistem, Kondisioner, Mətbəx mebeli",Retro Emlak (Vasitəçi),(070) 377-77-64,24.12.2025,4829018,168,Bəli,Xeyr,40.49366796388669,49.752579545236536,2026-01-01T15:02:30.624420
78,https://arenda.az/satilir-obyekt-bineqedi-rayonu-8-ci-mikrorayon-ataturk-pr-12-78,Satılır Obyekt,Obyekt,600 000,600 000,"Nizami m., Kubinka, Zabitlər parkı, Nəsimi r.",Ataturk pr 12/78,,120,,,Diqqet ile oxuyun Tecili variant Real alici narahat etsin real alici ucun başqa obyektler de teklif edile biler Alici ucun xidmet haqqi 1% teşkil edecek melumat Bineqedi r-nu Ataturk pr Yeni tikili binanin 1 ci mertebesinde sahesi 120 kv sened Qeyri YaşayişKupca Hazirda real ve uzun mudetli icarede olan obyekti Merkezi kucenin uzerinde yerleşir qarşisinda AzParking var ve s ustunlukleri var Daha etrafli melumat ucun elaqe saxlaya bilersiniz,"Təmirli, Su, İşıq, İnternet, Kondisioner",Ekskluziv Emlak (Vasitəçi),(055) 757-29-65,24.12.2025,1539447,88,Bəli,Bəli,40.4128718756707,49.84651475043795,2026-01-01T15:02:30.996136
yaninda,https://arenda.az/kiraye-ayliq-4-otaqli-yeni-tikili-sabuncu-rayonu-bakixanov-qes-bakixanov-qesebesi-razinde-stimul-hospital-yaxinligi-serham-marketin-yaninda,Kirayə (aylıq) Yeni Tikili,Yeni Tikili,650,650,"Xalqlar dostluğu m., Nizami r.","Bakıxanov qəsəbəsi(Razində),Stimul hospital yaxınlığı,Sərham marketin yanında",4,138,12,19,,"Təmirli, Əşyalı",İnvest Home Əfsanə xanım (Vasitəçi),(055) 440-05-48,24.12.2025,3891192,111,Xeyr,Xeyr,40.37336527040737,49.835700083690874,2026-01-01T15:02:32.320756
yani,https://arenda.az/satilir-1-otaqli-yeni-tikili-nesimi-rayonu-28-may-metrosu-azadliq-prasbekti-28-may-metronun-yani,Satılır Yeni Tikili,Yeni Tikili,269 000,269 000,"Elmlər akademiyası m., Yasamal qəs., Yasamal r.","Azadlıq prasbekti, 28 may metronun yanı",1,50,6,16,,"Təmirli, Qaz, Su, İşıq, Lift",Elan sahibi (Vasitəçi),(070) 798-09-90,24.12.2025,5764749,104,Bəli,Bəli,40.38444042482525,49.845053280518876,2026-01-01T15:02:32.909277
14,https://arenda.az/kiraye-ayliq-obyekt-sabuncu-rayonu-balaxani-qes-balaxani-qesebesi-14,Kirayə (aylıq) Obyekt,Obyekt,800,800,"Həzi Aslanov m., Əhmədli, Xətai r.",BALAXANI QESEBESI,,1000,,,"VASITECIYEM XIDMET HAQQI 20%TESKIL EDIR(GOTUREN TEREFDEN) Sabuncu rayonu Balaxani qesebesinde 1000kvadratliq anbar icareye verilir.Anbarda 3faza iwiq var.Hundurluyu 5metrdi.Sekillerde gorunduyu kimidi.Saxlanqica verilir. Telefonda deqiq unvan deyilmir.Saat 10-00dan 22-00a qeder zeng etmek olar.Watcap aktivdir. Baki seherinde torpaq,ofis ve obyektlerin alqi-satqisi,icaresi ile elaqeli muraciet ede bilersiz.","Təmirli, İşıq",Sebuhe xanim (Vasitəçi),(077) 322-22-97,23.12.2025,3488882,134,Xeyr,Xeyr,40.37336527040737,49.835700083690874,2026-01-01T15:02:33.121314
2,https://arenda.az/satilir-3-otaqli-yeni-tikili-xirdalan-xirdalan-s-h-eliyev-prospekti-kohne-bazarla-uzbe-uz-2,Satılır Yeni Tikili,Yeni Tikili,136 000,136 000,"Masazır, Abşeron r.","Xırdalan ş, H.Əliyev prospekti, Köhnə bazarla üzbə-üz",3,101,14,16,"Xırdalan ş, H.Əliyev prospekti, Köhnə bazarla üzbə-üz yerləşən 16 mərtəbəli binanın 14-cü mərtəbəsində sahəsi 101 m² olan 3 otaqlı super təmirli mənzil satılır. Mənzil şəxsi yaşayış üçün yüksək keyfiyyətli materiallarla yüksək zövqlə təmir olunub. Qaz, su və işıq daimidir. Lift fasiləsiz işləyir. İnfrastrukt olaraq çox əla yerdə yerləşir. Xırdalanın tam mərkəzindədir. Yaxınlıqda dayanacaq, məktəb, baxça, marketlər, bazar və s. bütün iaşə obyektləri yerləşir. Sənədi kupçadır.",,Xırdalan Əmlak (Vasitəçi),(055) 421-28-58,23.12.2025,2126755,112,Bəli,Xeyr,,,2026-01-01T15:02:33.820233
2,https://arenda.az/satilir-4-otaqli-heyet-evi-villa-xezer-rayonu-suvelan-suvelan-qesebesi-mayakda-2,Satılır Həyət evi/villa,Həyət evi/villa,130 000,130 000,"Qala, Xəzər r.","Şüvəlan qəsəbəsi, Mayakda",4,100,,,"HAZIR İPOTEKA !!! Xəzər rayonu, Şüvəlan qəsəbəsi, Mayakda, torpaq sahəsi 2.1 sot, ümumi sahəsi 100kv/m olan, 4 otaqlı həyət evi təcili olaraq satılır. Su, qaz, işıq daimidir. İstilik sistemi kombidir. Hərbir şərait vardır. Əlavə olaraq hovuzda mövcuddur. Sənəd çıxarışdır (kupça). Prestijli ərazidə və dənizə yaxın məsafədə yerləşir. İlkin ödəniş - 50.000 azn Aylıq ödəniş – 771 azn Qalıq borc – 98.000 azn Nəğd ödəniş – 148.000 azn Dövlət ipotekası 8% -lidir. Əlavə məlumat üçün aşağıdakı nömrə ilə əlaqə saxlaya bilərsiniz.","Təmirli, Qaz, Su, İşıq, Telefon, İnternet, Kabel TV, PVC pəncərə, Kombi, Mətbəx mebeli, Hovuz",Ənvər Bəy (Vasitəçi),(055) 440-05-64,24.12.2025,3644038,1821,Bəli,Xeyr,,,2026-01-01T15:02:34.997508
70,https://arenda.az/satilir-6-otaqli-heyet-evi-villa-xezer-rayonu-bine-qes-bine-qesebesi-70,Satılır Həyət evi/villa,Həyət evi/villa,135 000,135 000,"Masazır, Abşeron r.",Binə qəsəbəsi,6,280,,,Sənət KUPÇA Şəkildə gördüyünüz evdi Binə Bolluqda Bravonun yanı 5 sot torpaqda inşa olunub 14 daş kürsüdə cüt daşla tikilib 280 kv 6 otaq 1 mətbəxt Tam təmirli evdi Qaz su işıq dayimi kombi var Reyal alıcıya endirim olacaq,"Təmirli, Qaz, Su, İşıq, PVC pəncərə, Balkon, Kombi, Mərkəzi qızdırıcı sistem, Avtodayanacaq",Firdovsi (Vasitəçi),(077) 391-44-69,23.12.2025,3517512,217,Bəli,Bəli,,,2026-01-01T15:02:35.362441
47,https://arenda.az/satilir-2-otaqli-yeni-tikili-bineqedi-rayonu-avtovagzal-metrosu-bileceri-qes-bileceri-avtovagzal-metrosu-kristal-abseron-47,Satılır Yeni Tikili,Yeni Tikili,269 000,269 000,"Elmlər akademiyası m., Yasamal qəs., Yasamal r.","Biləcəri,Avtovağzal metrosu, Kristal Abşeron",2,48,9,17,"TƏCİLİ S A T L I R TAM ƏŞYALI Biləcəridə, Avtovağzal metrosuna 3-4 dəqiqəlik məsafə, Kristal Abşeron Kompleksi. 17/9-ci mərtəbə 50 kv 2 otaq (zal studia) Sənəd Çıxarış (Kupça) İpotekaya Yararlı Binada və mənzildə hər bir şərait yüksək səviyyədədir. Mənzil, işıqlı, gün görən və çox səliqəli mənzildir. Çox gözəl Mənzərəsi var. Mənzil bütün əşyaları ilə birlikdə satılır. Qeydiyyatda heç kəs yoxdur. Alqı Satqı günü açarlar təhvil veriləcək. Binanın yerləşməsi cox gözəldir. Avtovağzal metrosuna piyada 5-6 dəqiqəlik məsafədədir. Binanın Yerləşməsi ideal olduğu üçün Alıb kirayə vermək üçün də ideal təklifdir. Rahatlıqla 500 azn-ə kirayə vermək olar. Qiymət - 126500 azn (real alıcıya endirim olunacaq) Bu binada bu kvadratda bu qiymətə əşyalı mənzil yoxdur. Mənzilin açarları məndədir, istənilən vaxt mənzilə baxış keçirmək olar. Xidmət haqqı 1% təşkil edir.",,Şəhruz (Vasitəçi),(055) 547-11-57,24.12.2025,2971632,136,Bəli,Bəli,40.37336527040737,49.835700083690874,2026-01-01T15:02:35.961311
1,https://arenda.az/kiraye-ayliq-4-otaqli-ofis-sebail-rayonu-sahil-metrosu-sahil-metrosunun-yaninda-bulvar-1,Kirayə (aylıq) Ofis,Ofis,800,800,"28 May m., H. Əliyev ad. Saray, Nəsimi r.","Sahil metrosunun yanında, Bulvar",4,160,,,"Sahil metrosunun yanında, Bulvar 4 otaqlı ofis kirayə verilir. Yeni tikili ,sahəsi 160 kv.m., 5/12. əla təmrilidir. əşyasız. İnternet. İstilik sistmi var",,Qismət (Vasitəçi),(070) 228-23-32,23.12.2025,6578895,177,Xeyr,Xeyr,40.37102425249613,49.844407758936526,2026-01-01T15:02:36.191158
metrosu,https://arenda.az/kiraye-ayliq-5-otaqli-ofis-nesimi-rayonu-28-may-metrosu-merkezde-milli-bankin-yaninda-28-may-metrosu,Kirayə (aylıq) Ofis,Ofis,800,800,"28 May m., H. Əliyev ad. Saray, Nəsimi r.","Mərkəzdə, Milli Bankın yanında, 28 may metrosu",5,200,,,"Mərkəzdə, Milli Bankın yanında, 28 may metrosu 6 mərtəbəli binanın 3 mərtəbəsində sahəsi 200 kv.m. olan 5 otaqlı ofis kirayə verilir. Təmirlidir. Garajda 1 yer verilir ve komendanti var, binanin lifti var.",,Azər (Vasitəçi),(070) 228-23-32,23.12.2025,2327718,96,Xeyr,Xeyr,40.38142270696741,49.84213738532662,2026-01-01T15:02:36.597395
yaninda,https://arenda.az/kiraye-ayliq-1-otaqli-ofis-yasamal-rayonu-yeni-yasamal-qes-yeni-yasamal-ray-kohne-qismet-sadllq-sarayi-indiki-sizin-sarayin-yaninda,Kirayə (aylıq) Ofis,Ofis,9 000,9 000,Nərimanov r.,"Yeni Yasamal ray,köhnə Qismət şadllq sarayı,indiki Sizin sarayin yanında",1,15,,,"Yasamal rayonu,Yeni Yasamal ray,köhnə Qismət şadllq sarayı,indiki Sizin sarayin yanında yeni tikili 16 mərtəbəli binanın 1 ci mərtəbəsində ümumi sahəsi 15 kv.m olan 1 otaqlı Əla təmirli Ofis icarəyə verilir.Ofisdə kondisioner,dispender,internet (Citynet),Ofis mebelləri var.Ofis yenicə təmirdən çıxıb, Ofis mebelləri təzədir,istifadə olunmayıb.Ofisin SON Qiyməti 350 AZN dir.Makler haqqı 100 AZN dir.","Təmirli, İşıq, İnternet, Kabel TV, PVC pəncərə, Kondisioner, Əşyalı",Maqsud Allahverdiyev (Vasitəçi),(077) 366-88-99,23.12.2025,9673959,170,Xeyr,Xeyr,,,2026-01-01T15:02:36.794932
398,https://arenda.az/satilir-3-otaqli-yeni-tikili-abseron-rayonu-masazir-abseron-rayon-masazir-qesebesi-qurtulus-93-yasayis-kompleksi-398,Satılır Yeni Tikili,Yeni Tikili,136 000,136 000,"Masazır, Abşeron r.",Abseron rayon Masazir qesebesi Qurtulus 93,3,65,3,6,"Abseron rayon Masazir qesebesi Qurtulus 93 yasayis kompleksi.Bina 6 mertebelidir, Menzil ise 3 cu mertebesinde yerlesir. Sehercikde mekteb bagca fealiyet gosterir. Su, isiq, merkezlesmis istilik sistemi daimidir. Qaz inda xetleri cekilib yaxin vaxtlarda verilecek. Senedleri tam qaydasindadir(Kupca var).",,RA Əmlak Abşeron (Vasitəçi),(050) 478-73-07,22.12.2025,3094172,125,Bəli,Xeyr,,,2026-01-01T15:02:37.513376
28,https://arenda.az/satilir-2-otaqli-yeni-tikili-yasamal-rayonu-insaatcilar-metrosu-yasamal-r-a-m-serifzade-kuc-28,Satılır Yeni Tikili,Yeni Tikili,269 000,269 000,"Elmlər akademiyası m., Yasamal qəs., Yasamal r.",Yasamal r.A.M.Şərifzadə küç.,2,74,11,17,"2 ot.17/11 mər.74 kv. Yasamal r.A.M.Şərifzadə küç.Kristalda əla zövqlə təmir olunub, bahali əşyalar. Mətbəxin arasi açilib zövqlü və bahali mebülə yiğilib. Ətrafda məktəb və baxçalar. Q.255 000 azn.","Təmirli, Qaz, Su, İşıq, İnternet, Kabel TV, Lift, PVC pəncərə, Balkon, Kombi, Kondisioner, Mətbəx mebeli, Əşyalı",Mehman (Vasitəçi),(070) 254-20-00,22.12.2025,2021117,148,Bəli,Bəli,40.38402808832397,49.80528859019202,2026-01-01T15:02:38.219931
kesismesi,https://arenda.az/kiraye-ayliq-9-otaqli-ofis-nerimanov-rayonu-ehmed-bey-agaoglu-ve-eliesrefelizade-kucesinin-kesismesi,Kirayə (aylıq) Ofis,Ofis,9 000,9 000,Nərimanov r.,Əhməd bəy Ağaoğlu və ƏliəşrəfƏlizadə küçəsinin kəsişməsi,9,470,,,"ADA universistetinin yaxınlığında , Əhməd bəy Ağaoğlu küçəsi ilə Əliəşrəf Əlizadə küçəsi ilə kəsişmədə Aybir MTK-ın 2ci mərtəbəsində 9 otaqlı ofis. Ofis, kurs və s. biznəslər üçün tam uyğun təmirli. Ofisin Lahiyəsi şəkil kimi əlavə edilib. Mərkəzi kondisoner, mətbəx, müdir otağı və s. mövcuddur.","Təmirli, Su, İşıq, Telefon, İnternet, Kabel TV, PVC pəncərə, Kombi, Kondisioner, Mətbəx mebeli",Orxan (Əmlak sahibi),(055) 471-08-09,18.12.2025,1471530,190,Xeyr,Xeyr,40.391560284122754,49.85819483328542,2026-01-01T15:02:38.310984
a,https://arenda.az/kiraye-gunluk-2-otaqli-yeni-tikili-nerimanov-rayonu-genclik-metrosu-boyuksor-qes-asiq-ali-kuc-ev-4-a,Kirayə (günlük) Yeni Tikili,Yeni Tikili,50,50,"28 May m., 28 Mall, Nəsimi r.",Aşıq Alı küç. ev 4 a,2,65,16,18,"Ev yalnız günlük verilir. Aylıq olaraq istəməyin. uzun müddətli tələb etməyin. çünki 1 klent evi zanit etdisə başqalarına atqaz edib onları itirməməyi seçirik. əsasən 4 saatlıq, yarım günlük və 1 gecəlik. verilir. Ad günü və digər yığıncaqlara partilərə minimum 4 ya 5 saatlıq verilir və hamısına yararlı evdi. mətbəx şəraiti qab qacağı, digər texnikaları soba filan hamısı var. satılana qədər ancaq günlük olaraq kirayə verilir. Aylıq və uzunmüddətli qəti ev verilmir. Hazırda əldə bu şərtlərlə icarəlik 2 ev var.","Təmirli, Qaz, Su, İşıq, Telefon, İnternet, Kabel TV, PVC pəncərə, Kombi, Mərkəzi qızdırıcı sistem, Kondisioner, Mətbəx mebeli, Avtodayanacaq",Miri Qenberov (Əmlak sahibi),(055) 736-10-00,17.12.2025,8892563,770,Xeyr,Xeyr,40.37336527040737,49.835700083690874,2026-01-01T15:02:38.700771
1,https://arenda.az/kiraye-ayliq-2-otaqli-kohne-tikili-nesimi-rayonu-28-may-metrosu-azadliq-prospekti-72-menzil-173-1,Kirayə (aylıq) Köhnə Tikili,Köhnə Tikili / Arxitekturni,650,650,"İnşaatçılar m., Yeni Yasamal qəs., Yasamal r.",Azadliq prospekti 72. Menzil 173,2,50,4,4,"Merkezde!Azadliq prospekti,Dostluq kinoteatrinin yani.4 Mertebeli binanin 4 cu mertebesinde tam eşyali ve ela temirli 2 otaqli menzil.Qiymet 900 Azn",,Ferid bey (Əmlak sahibi),(055) 552-54-55,09.12.2025,9899199,810,Xeyr,Xeyr,,,2026-01-01T15:02:39.008436
20,https://arenda.az/satilir-3-otaqli-yeni-tikili-abseron-rayonu-masazir-abs-eron-rayon-masazir-qesebesi-yeni-masazir-yasayis-kompleksi-20,Satılır Yeni Tikili,Yeni Tikili,82 000,82 000,"Masazır, Abşeron r.",Abşeron rayon Masazır qəsəbəsi Yeni Masazir yasayis kompleksi,3,90,10,11,Abşeron rayon Masazır qəsəbəsi Yeni Masazir yasayis kompleksi.Yaxinliginda Məktəb Baxça fəaliyyət göstərir.Su İşıq Qaz ve Lift daimidır.Bina 11 mərtəbəlidir.Mənzil ise 10 cu mərtəbədir.Senedleri tam qaydasindadir(Kupca var).,,RA Əmlak Abşeron (Vasitəçi),(050) 478-73-07,01.01.2026,4306930,219,Bəli,Xeyr,,,2026-01-01T15:02:39.734315
kompleksi,https://arenda.az/satilir-3-otaqli-yeni-tikili-yasamal-rayonu-elmler-akademiyasi-metrosu-yasamal-qes-yasamal-rayonu-park-yasamal-yasayis-kompleksi,Satılır Yeni Tikili,Yeni Tikili,340 000,340 000,"İnşaatçılar m., Yasamal qəs., Yasamal r.",Yasamal Rayonu Park Yasamal Yasayis kompleksi,3,86,12,16,Mənzil Satilir Yasamal Rayonu Park Yasamal Yasayis kompleksində 3 otag Radnoy 86 kv 16\12.Əla təmirli təmirdən sonra yasayis olmayib mənzildə.Mənzil Yelcəkəndi skvaznoy.2 sanuzel (hamam tualet).Qaz su isig və lift daimdir.1 boyuk Qonag otagi 2 yatag otagi 1 mətbəxt.Real olan mustəriyə endirim olunacag.Ətrafli məlumat ucun əlaqə saxlayin.Ofis haqqi 1%,"Təmirli, Qaz, Su, İşıq, Lift, Balkon, Kombi, Avtodayanacaq",Adil (Vasitəçi),(070) 281-00-93,01.01.2026,9355050,310,Bəli,Bəli,40.37336527040737,49.835700083690874,2026-01-01T15:02:40.366531
2470,https://arenda.az/satilir-2-otaqli-yeni-tikili-abseron-rayonu-masazir-masazir-2470,Satılır Yeni Tikili,Yeni Tikili,110 000,110 000,"Masazır, Abşeron r.",Masazır,2,48,6,6,,"Təmirli, Su, İşıq, Telefon, İnternet, Kabel TV, PVC pəncərə, Balkon, Kombi, Mərkəzi qızdırıcı sistem, Kondisioner, Mətbəx mebeli, Əşyalı, Avtodayanacaq, Düzəlmə, Hovuz",İlkin (Vasitəçi),(050) 202-72-25,01.01.2026,9318730,245,Bəli,Xeyr,40.37336527040737,49.835700083690874,2026-01-01T15:02:40.891181
1677,https://arenda.az/satilir-3-otaqli-yeni-tikili-abseron-rayonu-masazir-masazir-1677,Satılır Yeni Tikili,Yeni Tikili / Qurtuluş-93 - Masazır,110 000,110 000,"Masazır, Abşeron r.",Masazır,3,70,6,6,"ƏŞYALI SATILIR,Masazir qəsəbəsi qurtuluş 93 yaşayış kompleksində, umumi sahəsi 70,kv m olan,3 otaqa duzəlmiş,təmirli mənzil satilir. Mənzil 6 mərtəbəli binanin 6 ci mərtəbəsində yerləşir. binanin,kupçasi var. Qiymət 78.500 azn.","Təmirli, Su, İşıq, Telefon, İnternet, Kabel TV, PVC pəncərə, Balkon, Kombi, Mərkəzi qızdırıcı sistem, Kondisioner, Mətbəx mebeli, Əşyalı, Avtodayanacaq, Düzəlmə, Hovuz",Qurtuluş Əmlak (Vasitəçi),(050) 202-72-25,01.01.2026,8797971,249,Bəli,Xeyr,,,2026-01-01T15:02:41.504325
1,https://arenda.az/satilir-3-otaqli-kohne-tikili-yasamal-rayonu-elmler-akademiyasi-metrosu-yasamal-ray-zahid-xelilov-kuc-elmler-m-1,Satılır Köhnə Tikili,Köhnə Tikili / Leninqrad,230 000,230 000,"Nizami m., Yasamal r.",Yasamal ray. Zahid Xəlilov küç. Elmlər m.,3,80,3,9,"Emlər mətrosuna piyada məsafədə, prestijli küçədə 9 mərtəbəli Lelinqrad proyektli binanın 3-cü mərtəbəsində Qanuni 3 otaq təmirli və razılaşma yolu ilə əşyalı mənzil satılır. Lift yeni dəyişilir hal-hazırda təmir gedir. Binanın ətrafında Yasamal parkı, məktəb, bağça, restoronlar, super-marketlər və s. İaşə obyektləri mövcüddur. Ətraflı məlumat üçün əlaqə saxlayın. Ofis haqqı 1%",,Əli (Vasitəçi),(055) 687-11-17,22.12.2025,2523282,137,Bəli,Xeyr,,,2026-01-01T15:02:41.941279
54,https://arenda.az/satilir-3-otaqli-kohne-tikili-xirdalan-nizami-54,Satılır Köhnə Tikili,Köhnə Tikili / Minsk,112 000,112 000,Xırdalan ş.,Nizami 54,3,65,1,5,Xırdalan şəhəri Sultan şadlıq sarayının yaxınlığında köhnə tikili binada yeni təmirli mənzil. Mənzil 5 mərtəbəli binanın 1 ci mərtəbəsindədəir. Əlavə olaraq 1 sot torpaq sahəsidə var. İstifadə etmək mümkündür. Mənzil 3 otağa düzəldilib. Qaz su işıq daimidir. İstilik sistemi kombidir. Sənəd KUpça. Satışda başqa evlərdə var. Ətraflı məlumat üçün zəng və ya va vatsapl əlaqə saxlaya bilərsiniz.,"Təmirli, Qaz, Su, İşıq, Telefon, İnternet, Kabel TV, PVC pəncərə, Kombi, Mətbəx mebeli, Avtodayanacaq",Elçin bəy (Vasitəçi),(077) 522-11-33,30.12.2025,5828367,570,Bəli,Xeyr,40.4569925721267,49.74909512134037,2026-01-01T15:02:42.901538
1660,https://arenda.az/satilir-3-otaqli-yeni-tikili-abseron-rayonu-masazir-masazir-1660,Satılır Yeni Tikili,Yeni Tikili / Qurtuluş-93 - Masazır,66 000,66 000,"Masazır, Abşeron r.",Masazır,3,72,3,9,"Masazir qəsəbəsi Qurtuluş 93 yaşayış kompleksində umumi sahəsi 72 kv m olan 3 otaqlı təmirli mənzil satilir. Mənzil 9 mərtəbəli binanın 3 cü mərtəbəsində yerləsir. Şəhərcikde Məkteb baxca, futbol meydancaları 24 saat mərkəzi istilik var.Binada su isg daimidir qaz xətti çəkilib yaxn vaxlarda binaya qaz veriləcəy. Lift var. Mənzil kupcalıdır KREDİT BARTER YOXDUR. Qiymət 110 000 azn","Təmirli, Su, İşıq, Telefon, İnternet, Kabel TV, Lift, PVC pəncərə, Balkon, Kombi, Mərkəzi qızdırıcı sistem, Mətbəx mebeli, Avtodayanacaq, Düzəlmə",Qurtuluş Əmlak (Vasitəçi),(050) 202-72-25,01.01.2026,1183495,256,Bəli,Xeyr,,,2026-01-01T15:02:43.432511
6,https://arenda.az/satilir-2-otaqli-kohne-tikili-yasamal-rayonu-nizami-metrosu-yasamal-rayonu-izmir-kucesi-6,Satılır Köhnə Tikili,Köhnə Tikili / Leninqrad,109 000,109 000,"Elmlər akademiyası m., Yasamal r.",Yasamal Rayonu İzmir kucəsi.,2,52,4,9,Mənzil Satilir Yasamal Rayonu İzmir kucəsi.Həyat Rezidenslə uzbəuz.2 otag 52 kv 9\4 Lelinqrad proyekt.Təmirli Əsyali satilir.Polu parket.İstilik sistemi kombi. Hamam tualet ayri ayri.Ətrafli məlumat ucun əlaqə saxlayin.Ofis haqqi 1%,"Təmirli, Qaz, Su, İşıq, İnternet, Kabel TV, Lift, Kombi, Kondisioner, Mətbəx mebeli, Əşyalı, Avtodayanacaq",Adil (Vasitəçi),(070) 281-00-93,01.01.2026,2253838,239,Bəli,Xeyr,,,2026-01-01T15:02:43.931564
6,https://arenda.az/satilir-3-otaqli-kohne-tikili-suraxani-rayonu-yeni-gunesli-qes-baki-seheri-suraxani-rayonu-yeni-gunesli-qesebesi-6,Satılır Köhnə Tikili,Köhnə Tikili / Kiyev,135 000,135 000,"Köhnə Günəşli qəs., Xətai r.",Bakı şəhəri Suraxanı rayonu Yeni Günəşli qəsəbəsi,3,80,5,9,"İPOTEKAYA YARARLI!!! Bakı şəhəri Suraxanı rayonu Yeni Günəşli qəsəbəsi AB massivində 9 mərtəbəli kiyev lahiyəli binanın 5-ci mərtəbəsində ümumi sahəsi 80 m² olan, qanuni 3 otaqlı mənzil satılır. Mənzil tam təmirlidir, kupçalıdır, ipotekaya tam yararlıldır, orta blokda yerləşir. İstilik sistemi kombidir, qaz, işıq və su daimidir. Binanın lifti var və işlək vəziyyətdədir. Ətrafda məktəblər, bağça və marketlər də mövcuddur. Qiyməti 170000 Azn-dir. Qeyd. Mənzilə baxış keçirmək və əlavə məlumat almaq üçün əlaqə saxlaya bilərsiniz. Şirkət komissiyası 1% təşkil edir.","Təmirli, Qaz, Su, İşıq, Lift, PVC pəncərə, Balkon, Kombi, Mətbəx mebeli",Ləman xanım (Vasitəçi),(077) 444-27-82,30.12.2025,9321541,748,Bəli,Bəli,,,2026-01-01T15:02:44.487914
26,https://arenda.az/satilir-2-otaqli-kohne-tikili-nerimanov-rayonu-genclik-metrosu-azadliq-prospekti-26,Satılır Köhnə Tikili,Köhnə Tikili / Xruşovka,258 000,258 000,"Gənclik m., Gənclik Mall, Nərimanov r.",Azadlıq prospekti,2,52,3,5,"Kooperasiya universitetinə yaxın. 5 mərtəbəli binanın 3-cü mərtəbəsində, QANUNİ, 2 otaqlı mənzil satılır. Daimi qaz, işıq, su. . XİDMƏT HAQQI: 1%","Təmirli, Qaz, Su, İşıq, İnternet, PVC pəncərə, Kondisioner, Mətbəx mebeli",Namiq (Vasitəçi),(050) 209-37-79,30.12.2025,2704926,551,Bəli,Xeyr,40.408820568567066,49.83591466041209,2026-01-01T15:02:45.301730
20,https://arenda.az/kiraye-gunluk-2-otaqli-kohne-tikili-sebail-rayonu-28-may-metrosu-28-may-20,Kirayə (günlük) Köhnə Tikili,Köhnə Tikili / Eksperimental,50,50,"28 May m., 28 Mall, Nəsimi r.",28 may 20,2,52,3,5,"Şəhərin mərkəzində şəhərimizə gələn qonaqlar üçün günlük mənzil kirayə verilir.Mənzildə hər bir şərait var(kondisioner,paltaryuyan və s.)bir sıra əşyalar mövcuddur.Binanın həyətində avtomobil saxlamaq üçün var.Blok kod vasitəsilədir.Lifti yoxdur.Mənzil minimum 2-3 günlük verilir.Qiymət mənzildəki müddətə görə dəyişir.50-70 AZN","Təmirli, Qaz, Su, İşıq, İnternet, Kabel TV, PVC pəncərə, Kombi, Mərkəzi qızdırıcı sistem, Kondisioner, Mətbəx mebeli, Avtodayanacaq",Kənan (Əmlak sahibi),(055) 332-10-01,31.12.2025,4461036,800,Xeyr,Xeyr,40.37653626150205,49.848177720027856,2026-01-01T15:02:45.499772
2,https://arenda.az/kiraye-gunluk-3-otaqli-bag-evi-qusar-qusar-cilegir-2,Kirayə (günlük) Bağ evi,Bağ evi,100,100,Qusar ş.,Qusar cilegir,3,,,,Qusar rayonu çiləgir kendi Şahdağa geden yolda yerləşir ev hər şəraiti var,"Təmirli, Qaz, Su, İşıq, İnternet, Kabel TV, PVC pəncərə, Kombi, Mərkəzi qızdırıcı sistem, Mətbəx mebeli, Avtodayanacaq",Xetice (Əmlak sahibi),(050) 991-14-88,31.12.2025,1684977,394,Xeyr,Xeyr,41.399386805651616,48.37405699021291,2026-01-01T15:02:45.641243
28,https://arenda.az/kiraye-gunluk-3-otaqli-bag-evi-qusar-n-hebibov-kucesi-28,Kirayə (günlük) Bağ evi,Bağ evi,80,80,Qusar ş.,N.Hebibov kucesi 28,3,,,,"Qusarda ela temirli seaitli heyet evi gunluk kiraye verilir. WiFi,besedka, heyetinde mangali var.","Təmirli, Qaz, Su, İşıq, Telefon, İnternet, Kabel TV, PVC pəncərə, Kombi, Mərkəzi qızdırıcı sistem, Mətbəx mebeli, Avtodayanacaq",Duruye (Əmlak sahibi),(055) 855-09-66,31.12.2025,5258337,912,Xeyr,Xeyr,41.425601109947834,48.41790858086787,2026-01-01T15:02:45.840533
2,https://arenda.az/kiraye-gunluk-3-otaqli-heyet-evi-villa-qusar-qusar-r-2,Kirayə (günlük) Həyət evi/villa,Həyət evi/villa,100,100,İsmayıllı ş.,Qusar r,3,,,,"Salam. Gördüyünüz bu ev günlük kiraye verilir. Qonaqların istiraheti üçün her bir şerait (manqal, samovar, wifi,ve.s). Ev daga, çaya, markete, restaranlara yaxındı. Ev Qusarda, Shahdag yolunda yerlesir.Evde 7 qonag qala bilir.","Təmirli, Qaz, Su, İşıq, İnternet, PVC pəncərə, Kombi, Mərkəzi qızdırıcı sistem, Mətbəx mebeli",Elvin (Vasitəçi),(070) 905-21-10,01.01.2026,2833321,1192,Xeyr,Xeyr,40.37336527040737,49.835700083690874,2026-01-01T15:02:46.095288
3,https://arenda.az/kiraye-gunluk-3-otaqli-yeni-tikili-nesimi-rayonu-28-may-metrosu-suleyman-rustem-kucesi-3,Kirayə (günlük) Yeni Tikili,Yeni Tikili,70,70,"28 May m., Sirk, Nəsimi r.",Suleyman Rustem kucesi,3,160,2,16,"Skandinaviya toxunuşu ilə müasir üslub. Mənzilin rahatlığı, komfortu sizdə özünüzü evdəki kimi hiss etmək arzusunu yaratmağa və sabahın uğuruna inam yaratmağa çalışacaq. Mənzildə iş üçün və axşamlar sakit oxumaq üçün ən yaxşı işıqlandırma var, mənzil mərkəzi istilik sistemi ilə də təchiz olunub. Yataq otaqlarında əlavə yataq dəsti, dəsmal, isti yorğan, qarderob, güzgü, kondisioner var. Mətbəxdə mikrodalğalı soba, paltaryuyan, yemək masası, soyuducu, soba, çaydan, qab-qacaq, stəkan və yemək qabları daxil olmaqla bütün əşyalar var. Qonaq otağı plazma televizor, divan, əlavə qatlanan çarpayı və limitsiz Wi-Fi internetlə təchiz olunub. Mənzilin iki eyvanı, bir hamam tualeti və digər otaqda bir əlavə tualeti var. Binanın ətrafında univermaqlar, milli mətbəx müəssisələri, spa-salon, apteklər, bank var. Piyada 2 dəqiqəlik yolda 28 Mall ticarət mərkəzi, həm də piyada 2 dəqiqəlik məsafə, məşhur Heydər Əliyev adına saray, Üzeyir Hacıbəyov adına abidəsi olan Azərbaycan Konservatoriyası. Mərkəzi metro xətti ""28 May"" Həmçinin yapon restoranı ""Chio Chio San"" (Sonra təşəkkür edərsiz). Məşhur Nizami küçəsinə piyada 10 dəqiqəlik məsafədə, başqa sözlə ""Torqovaya"". Və daha 5 dəqiqə əsas küçə ilə enərkən Milli Parkı (Bulvar) görəcəksiniz. Qiymət gün sayına görə dəyişiləcək. 50-70 azn (29-41$).","Təmirli, Qaz, Su, İşıq, Telefon, İnternet, Kabel TV, Lift, PVC pəncərə, Balkon, Kombi, Kondisioner, Mətbəx mebeli, Əşyalı, Avtodayanacaq, Mərkəzi qızdırıcı sistem",Elnara (Əmlak sahibi),(055) 202-28-12,31.12.2025,372627,888,Xeyr,Xeyr,40.37336527040737,49.835700083690874,2026-01-01T15:02:46.428050
17,https://arenda.az/satilir-1-otaqli-kohne-tikili-yasamal-rayonu-elmler-akademiyasi-metrosu-mireli-seyidov-kucesi-17,Satılır Köhnə Tikili,Köhnə Tikili / Xruşovka,230 000,230 000,"Nizami m., Yasamal r.",Mirəli Seyidov küçəsi,1,35,4,5,,"Təmirli, Qaz, Su, İşıq, İnternet, Kabel TV, PVC pəncərə, Balkon, Kondisioner, Mətbəx mebeli, Əşyalı",Yeni ev (Vasitəçi),(055) 246-26-27,30.12.2025,5567636,734,Bəli,Xeyr,40.3759499918133,49.80530260892509,2026-01-01T15:02:46.990265
371,https://arenda.az/satilir-4-otaqli-heyet-evi-villa-xirdalan-xirdalan-371,Satılır Həyət evi/villa,Həyət evi/villa,135 000,135 000,"Masazır, Abşeron r.",Xırdalan,4,130,,,Daxili Kreditlə Faizsiz Tək Şəxsiyyət Vəsiqəsi İlə İlkin Ödəniş 50.000 AZN 36 Ayliq Və Ayda 1.250 Manat Ödəməklə Bu Gözəl Evə Sahib Ola Bilərsiniz Qaz Su İşıq Daimidir Sənəd Çıxarişdi Kupça Var Nağd Və Kreditlə Satılır Bütün Kamunallar Mövcuddur Yol Asvalt Yoldu Daha Ətraflı Məlumat Üçün Zəng Və Ya Whatsapp Vasitəsilə Əlaqə Saxlaya Bilərsiniz,"Təmirli, Qaz, Su, İşıq, Telefon, İnternet, Kabel TV, PVC pəncərə, Balkon, Kombi, Avtodayanacaq",Arif (Vasitəçi),(077) 717-91-90,01.01.2026,2465634,845,Bəli,Bəli,,,2026-01-01T15:02:47.792553
6,https://arenda.az/satilir-7-otaqli-heyet-evi-villa-xezer-rayonu-bine-qes-xezer-rayon-bine-qesebesi-6,Satılır Həyət evi/villa,Həyət evi/villa,135 000,135 000,"Masazır, Abşeron r.",XƏZƏR RAYON BİNƏ QƏSƏBƏSİ,7,165,,,"Xəzər rayon Binə qəsəbəsində 2 sot içində yeni təmirdən çıxmış tamm təmirli 2 mərtəbəli 4+3 otaqli ev satılır.Evin fundamenti beton tökülüb ve yuxari hissəsində kemeri vardir.Qaz,İşıq,Su(Azərsu) vardir.Ev Şəhid Elmir Orucov küçəsində yerləşir.Evə qədər asvalt yoldur.Köməkçi asvaltin üsdündə yerləşir. Yaxinliqinda market,stromatyallar,mağazalar,məktəb,baxça,apteklər mövcuddur.Evin tam yaninda market yerləşir. Evin kombi xətləri quraşdirilibdir.Ev yerden 15 daş kürsülü evdir.Kuruqavoy qoşa daşla inşa olubdur. Evin bütün aboylari ve lüsturlari asilibdir.Hamam aksesuarlari qoyulub, duş kabin yerine qedee hazirdir.REAL ALICIYA GÖZƏL ENDİRİM OLACAG.Daha ətraflı məlumat üçün qeyd olunan nömrə ilə əlaqa saxlaya bilərsiz.","Təmirli, Qaz, Su, İşıq, Telefon, İnternet, Kabel TV, PVC pəncərə, Kombi, Avtodayanacaq",Nihad (Əmlak sahibi),(055) 957-35-66,01.01.2026,2341867,296,Bəli,Bəli,40.45840559552106,50.08541965139909,2026-01-01T15:02:48.307457
540,https://arenda.az/satilir-4-otaqli-heyet-evi-villa-abseron-rayonu-masazir-masazir-qesebesi-540,Satılır Həyət evi/villa,Həyət evi/villa,135 000,135 000,"Masazır, Abşeron r.",Masazir qəsəbəsi,4,100,,,"Masazir qəsəbəsi Yeni Baki Yaşayiş kompleksinin arxasinda, 4-otaqli Heyet evi satılır. Torpaq sahəsi 2-sot. Su,işıq, qaz, kanalizasiya sistemi var. KUPÇASİ VAR. QİYMƏT. 115000₼.","Təmirli, Qaz, Su, İşıq, Telefon, İnternet, Kabel TV, PVC pəncərə, Mətbəx mebeli, Avtodayanacaq",Şabiyev Emin (Vasitəçi),(070) 505-12-12,01.01.2026,1566168,481,Bəli,Bəli,,,2026-01-01T15:02:48.791470
2,https://arenda.az/satilir-5-otaqli-heyet-evi-villa-abseron-rayonu-masazir-xirdalan-2,Satılır Həyət evi/villa,Həyət evi/villa,50 000,50 000,Xırdalan ş.,Xırdalan,5,160,,,Masazırda Yeni Bakı Yaşayış Kompleksin Yanında Tam Şəxsi Tikili 2 Sotda 4 Daş Kürsüdə 5 Otaqlı Həyət Evi Satılır 4 Bir Yani Qoşa Kubik Mərtəbələr Arası Manalit Betondur Sənəd Çıxarişdi Kupça Var Mərkəzi Kanalizasiya Sistemi Var Qaz Su İşıq Daimidir Məktəbə Bağçaya Avtobus Dayanacağına Piyada Məsafəsindədir Həyətə Asanlıqla 3 4 Maşın Daxil Ola Bilir Evimizdə Son Tamamla İşləri Qalib Evimizin Həyətinə Heç Bir Pəncərə Duşmur Qarşisi Açıqdı Daha Ətraflı Məlumat Üçün Zəng Və Ya Whatsapp Vasitəsilə Əlaqə Saxlaya Bilərsiniz Təşəkkürlər,"Təmirli, Qaz, Su, İşıq, Telefon, İnternet, Kabel TV, PVC pəncərə, Balkon, Kombi, Avtodayanacaq",Arif (Vasitəçi),(077) 717-91-90,01.01.2026,3651736,464,Bəli,Bəli,40.37336527040737,49.835700083690874,2026-01-01T15:02:49.551562
baglari,https://arenda.az/satilir-6-otaqli-bag-evi-pirallahi-rayonu-dubendi-baglari,Satılır Bağ evi,Bağ evi,235 000,235 000,"Biləcəri qəs., Binəqədi r.",Dübəndi bağları,6,,,,"Ev Dübəndi bağlarında ən prestijli məhəllədə,çimərliyə piyada 15 dəqiqəlik məsafədə yerləşir. Sənəti çıxarışdı. Bir mərtəbə və mansarddan ibarətdir. 1 mətbəx 4 otaq və mansard. Torpaq sahəsi sənətdə 6 sot realda 7 sotdur. Qaz,işıq,su daimidir. 42 metrədən artezian şirin suyu var.İçməyə və suvarmaya istifadə olunur. Həyətində çox sayda bar verən meyvə və şam ağacları var.Həyətində 2 ədəd 2 tonluq su çəni mövcuddur. Ev həm qış həm yayda yaşamağa əlverişlidir. Ətraflı məlumat üçün əlaqə saxlaya bilərsiniz. Ev özümə məxsusdur vasitəçi deyiləm. İşimlə əlaqədar nömrəmə zəng çatmasa WhatsAppdan yaza bilərsiniz.","Təmirli, Qaz, Su, İşıq, İnternet, Kabel TV, PVC pəncərə, Balkon, Kombi, Mərkəzi qızdırıcı sistem, Kondisioner, Mətbəx mebeli, Əşyalı, Avtodayanacaq",Asim (Əmlak sahibi),(050) 574-14-97,29.12.2025,8543992,260,Bəli,Bəli,40.416713349956744,50.29566374940072,2026-01-01T15:02:49.686902
rayonu,https://arenda.az/satilir-7-otaqli-bag-evi-bineqedi-rayonu-bileceri-qes-baki-seheri-bineqedi-rayonu,Satılır Bağ evi,Bağ evi,250 000,250 000,"Şüvəlan, Xəzər r.","Baki seheri,Bineqedi rayonu",7,,,,"SATILIR!!!!!! Biləcərinin ən prestijli hissəsində 2 mərtəbə + zirzəmili möhkəm ev Ünvan: Biləcəri qəsəbəsi, Şans Şadlıq Sarayına yaxın, əsas yola yaxınlıqda (ən yaxşı zonalardan biri) Torpaq sahəsi: 4 sot Ev sahəsi: 2 mərtəbə + 1.70 m hündürlüyündə zirzəmi + qaraj Giriş Ev şəxsi yaşayış üçün tikilib, keyfiyyətli materiallarla, güclü konstruksiya və rahat planla inşa olunub. Yaşayış üçün tam hazır, sakit və nüfuzlu məhəllədə yerləşir. Evin planı və quruluşu 1-ci mərtəbə: 3 otaq Mətbəx Geniş foye Sanuzel 2-ci mərtəbə: 4 otaq Foye Sanuzel Zirzəmi: 1.70 m hündürlükdə Qaraj və saxlama sahəsi üçün uyğundur --- ⚙️ Texniki göstəricilər İsitmə sistemi: Kombi Su, qaz, işıq, internet daimidir Araqat: qalın beton monolit Divarlar: Qoşa daş Güclü fundament – istəsəniz 3-cü mərtəbə qaldırmaq mümkündür Həyətin yarısı betonlanıb, qarşısında meyvə ağacları var Asfalt yol, dayanacağa qısa məsafə Məktəb və baxça yaxınlığında Ümumi baxış Ev geniş həyəti, möhkəm tikintisi və müasir planı ilə ailə üçün ideal seçimdir. Mühit sakit, qonşuluq mədəni və rahatdır.",,Miras Group (Vasitəçi),(070) 311-95-61,29.12.2025,6175775,47,Bəli,Xeyr,40.37336527040737,49.835700083690874,2026-01-01T15:02:50.061319
suvelan,https://arenda.az/satilir-5-otaqli-bag-evi-xezer-rayonu-suvelan-xezer-rayonu-suvelan,Satılır Bağ evi,Bağ evi,235 000,235 000,"Biləcəri qəs., Binəqədi r.","Xəzər rayonu,Şüvəlan",5,,,,"Şüvəlanın sakit və prestijli ərazisində bağ evi SATILIR! Tam hazır – Köç və yaşa! Ünvan: Şüvəlan qəsəbəsi Bağ evi – 5 geniş və işıqlı otaq Ev haqqında: Təmirli və yaşayış üçün tam hazır Keyfiyyətli mətbəx mebeli Əşyalı – alandan sonra əlavə xərclər yoxdur! Geniş balkon – istirahət və səhər qəhvəsi üçün ideal Kondisioner ilə təchiz olunub Kommunikasiya sistemi: Daimi qaz, su, işıq Su çəni – su problemi yoxdur Ərazi: Sakit, elit və infrastruktura yaxın Geniş həyət, maşın saxlamaq üçün yer",,Miras Group (Vasitəçi),(077) 300-04-28,29.12.2025,8556103,45,Bəli,Xeyr,,,2026-01-01T15:02:50.501232
186,https://arenda.az/satilir-3-otaqli-heyet-evi-villa-abseron-rayonu-masazir-gulaga-memmedov-kucesi-186,Satılır Həyət evi/villa,Həyət evi/villa,135 000,135 000,"Masazır, Abşeron r.",Gülağa Məmmədov küçəsi 186,3,110,,,"Evin tikintisində keyfiyyətli materiallardan istifadə olunub; qoşa daşla tikilib; kürsülüdür, hündürlüyü 1.8 m; kanalizasiya sistemi; su, qaz, işıq; telefon, internet mövcuddur. Həyətdə 2 ədəd su çəni var;","Təmirli, Qaz, Su, İşıq, Telefon, İnternet, Kombi",Ruslan (Əmlak sahibi),(070) 294-90-25,31.12.2025,1258589,410,Bəli,Bəli,40.47877342053195,49.757517884463596,2026-01-01T15:02:50.986449
kendi,https://arenda.az/satilir-6-otaqli-bag-evi-tovuz-tovuz-rayonu-eyyublu-kendi,Satılır Bağ evi,Bağ evi,235 000,235 000,"Biləcəri qəs., Binəqədi r.",Tovuz rayonu Eyyublu kendi,6,,,,"Tovuz rayonu, Əyyublu kəndi Satılır 6 otaqlı həyət evi / bağ evi 20 sot torpaq sahəsində tikilmiş, ümumi sahəsi 200 m² olan 2 mərtəbəli həyət evi satışa çıxarılıb. Ev geniş və işıqlı otaqlardan ibarətdir. Evin planı: 6 otaq 2 mətbəx Qonaq otağı Yataq otaqları Sanitar qovşaqları Rahat istirahət və ailəvi tədbirlər üçün geniş zal Həyətində dekorativ güllər, meyvə ağacları (alma, gilas, armud, qoz, ərik, alça, vişnə və s.) mövcuddur. Qaz, işıq, su daimidir Özünə aid su anbarı var Heyvan saxlamaq üçün ayrıca sahə Həyətində əlavə qaraj",,Miras Group (Vasitəçi),(070) 313-32-54,29.12.2025,9909203,41,Bəli,Xeyr,,,2026-01-01T15:02:51.312826
1,https://arenda.az/kiraye-ayliq-obyekt-yasamal-rayonu-insaatcilar-metrosu-akim-abbasov-kuc-1,Kirayə (aylıq) Obyekt,Obyekt,800,800,"Həzi Aslanov m., Əhmədli, Xətai r.",Akim Abbasov küç,,34,,,"Hazir Gözəllik salonu axtaranlara mötəşəm fürsət! Metrodan 5 dəqiqəlik ayaqla mesafədə yerləşir. Obyekt tam əşyalı bütün avadanlıqlarla təmin olunub və icarəyə verilir. 34 kv/m ərazisində sanitar qovşağı , kondisioner. Parket döşəmə, İnternet var. 3 ədəd saç masası , dırnağ şöbəsidə fəaliyyət göstərir. Obyektin təhlükəsizliyi və mühafizəsi 24/7 videomüşahidə ilə təmin olunub. Çöldən Geniş reklamı geniş parkinqi var. Xidmet haqqı: 30% Ətraflı məlumat üçün whatsappa yaza və ya zəng edə bilərsiniz!","Təmirli, Su, İşıq, Telefon, İnternet, Kabel TV, PVC pəncərə, Mərkəzi qızdırıcı sistem, Kondisioner, Əşyalı, Avtodayanacaq",Rufat Aliyev (Vasitəçi),(070) 540-41-39,30.12.2025,3335157,871,Xeyr,Xeyr,40.38487816486323,49.81580591905958,2026-01-01T15:02:51.771083
zulfuqarov,https://arenda.az/kiraye-ayliq-obyekt-xetai-rayonu-hezi-aslanov-metrosu-ehmedli-ilqar-zulfuqarov,Kirayə (aylıq) Obyekt,Obyekt,7 500,7 500,"Masazır, Abşeron r.",Ilqar Zulfuqarov,,250,,,Sex ve anbar kimi fealiyyet gosterir,"Təmirsiz, Su, İnternet",Elnur (Əmlak sahibi),(055) 214-09-06,31.12.2025,2509025,907,Xeyr,Xeyr,,,2026-01-01T15:02:52.109186
kucesi,https://arenda.az/kiraye-ayliq-obyekt-abseron-rayonu-masazir-masazir-aliaga-vahid-kucesi,Kirayə (aylıq) Obyekt,Obyekt,800,800,"Həzi Aslanov m., Əhmədli, Xətai r.",Masazir.Aliaga Vahid kucesi,,750,,,"3 Faza işıq + Qazı var... Masazır dairəsindən Masazıra daxil olanda ""aplus supermarket""-i keçəndən sonra gediş-gəliş sıx olan bir ərazidə əsas yol qırağında 750 kv.m obyekt icarəyə verilir. Şəbəkə Fast-Food Restoranlar və Digər Ailəvi Restoranlar, Elektronika mağazalar, Mebel Mağazası, Digər Mağazalar, Fitness , Klinikalar və digər uyğun təyinatlı istifadələr üçün icarəyə verilə bilər. Yeni işıqlandırılması, içərisində sanitar qovşağı, əlavə arxa giriş qapısı və parklanması mövcuddur. Aylıq icarə haqqı qiyməti : 7500 Azn. Ünvan : Masazır , Əliağa Vahid küçəsi.",Təmirli,Emlak Sahibi (Əmlak sahibi),(050) 222-45-22,31.12.2025,1466976,897,Xeyr,Xeyr,40.48163812569942,49.75793165372922,2026-01-01T15:02:52.352707
rayonu,https://arenda.az/satilir-6-otaqli-bag-evi-abseron-rayonu-baki-seheri-abseron-rayonu,Satılır Bağ evi,Bağ evi,235 000,235 000,"Biləcəri qəs., Binəqədi r.","Baki seheri,Abseron rayonu",6,,,,"SATILIR – Novxanı bağ evi Ünvan: Faiq Yusifov küçəsi, ""MVD bağlarının"" aşağısı, ""Dəmir Yolu"" bağlarında Torpaq sahəsi: 12 sot Ev: 300 m², 5 daş kürsü üzərində tikilmiş, tam təmirli Otaq sayı: 8 4 yataq otağı 2 qonaq otağı 2 sanitar qovşaq Geniş xol və mənzərəli eyvanlar Əlavə imkanlar: Hovuz Sauna Manqalxana Besetka Qaraj Şəlalə Bağban evi Dekorativ və meyvə ağacları ilə zəngin həyət Vəziyyəti: Ev yüksək səviyyədə təmir olunub, daxil olub yaşamaq mümkündür – əlavə xərclər tələb olunmur! Kommunikasiya: Qaz, su, işıq daimidir Yol: Asfalt – rahat və əlverişli yol infrastrukturu",,Miras Group (Vasitəçi),(070) 311-95-61,29.12.2025,3248365,32,Bəli,Xeyr,,,2026-01-01T15:02:52.862318
kuc,https://arenda.az/kiraye-ayliq-obyekt-nesimi-rayonu-memar-ecemi-2-metrosu-20yanvar-kuc,Kirayə (aylıq) Obyekt,Obyekt,800,800,"Həzi Aslanov m., Əhmədli, Xətai r.",20yanvar küç.,,10,,,Nəsimi rayonunda yerləşən obyekt 400AZN icarəyə təklif olunur. 5 mərtəbəli binanın 1 ci mərtəbəsində yerləşir. Sanitar qovşağı var obyekt 10 kv/m dir. Uzun müddət ofis kimi fəaliyyət göstərib. Sənədi qeyri yaşayışdır. Su və işıq daimidir. Obyekt təmirlidir . Bina intensiv piyada və nəqliyyat axınının olduğu zonada yerləşir. Xidmet haqqı: 30% Ətraflı məlumat üçün whatsappa yaza və ya zəng edə bilərsiniz!,"Təmirli, Su, İşıq, İnternet, Kabel TV, PVC pəncərə, Avtodayanacaq",Rufat Aliyev (Vasitəçi),(070) 540-41-39,30.12.2025,6750369,767,Xeyr,Xeyr,40.41546212545896,49.81539900690985,2026-01-01T15:02:53.173242
13,https://arenda.az/kiraye-ayliq-obyekt-nesimi-rayonu-genclik-metrosu-hesen-eliyev-kuc-13,Kirayə (aylıq) Obyekt,Obyekt,800,800,"Həzi Aslanov m., Əhmədli, Xətai r.",Həsən Əliyev Küç,,80,,,"Həsən Əliyev gediş gəlişli yerdə 80 kv/m obyekt icarəyə verilir.Bir çox sahə üçün tam yararlı obyektdir.2 tərəfdən girişi var. 2 sanuzeli, daimi işığı, suyu , wf internet ,ayrıca kondisioneri mövcuddur.Obyekt yeni təmirlidir. Obyektin təhlükəsizliyi və mühafizəsi 24/7 videomüşahidə ilə təmin olunub.Bina altı deyil. Fast-Food Restoranlar, Lazer Epiliasiya mərkəzi, Kargo, Ofis , Playstation zalı, Tikinti materialları satışı, Təndir, Tədris Mərkəzi, Müxtəlif biznes və digər uyğun təyinatlı istifadələr üçün icarəyə verilə bilər. Xidmet haqqı: 30% Ətraflı məlumat üçün whatsappa yaza və ya zəng edə bilərsiniz!","Təmirli, Su, İşıq, Telefon, İnternet, Kabel TV, PVC pəncərə, Kondisioner, Əşyalı",Rufat Aliyev (Vasitəçi),(070) 540-41-39,30.12.2025,3493834,828,Xeyr,Xeyr,40.40381423579636,49.855914498723116,2026-01-01T15:02:53.421022
kuc,https://arenda.az/kiraye-ayliq-9-otaqli-ofis-nerimanov-rayonu-ehmed-recebli-kuc,Kirayə (aylıq) Ofis,Ofis,2 200,2 200,Nərimanov r.,Əhməd Rəcəbli küç.,9,600,,,Nərimanovda Əhməd Rəcəbli küçəsində yerləşən 4 mərtəbəli ofis binasının 3-cü mərtəbəsində yerləşən ümumi sahəsi 600kv olan 9 otaqlı (8otaq 1 böyük zal) əlavə olaraq 2 sanuzel bir böyük mətbəxdən ibarət ofis icarəyə verilir. Ofis müasir standartlara uyğun təmir olunmuşdur. 1kv.m qiyməti 15azndan verilir.,,Xan Azəroğlu (Vasitəçi),(070) 799-66-00,30.12.2025,9076613,700,Xeyr,Xeyr,40.41058388149363,49.8606073910129,2026-01-01T15:02:53.915282
esgerova,https://arenda.az/kiraye-ayliq-4-otaqli-ofis-nesimi-rayonu-nizami-metrosu-s-esgerova,Kirayə (aylıq) Ofis,Ofis,9 000,9 000,Nərimanov r.,S Əsgərova,4,280,,,Nizami m yaxin ofis verilir kirayə Tam təmirli şəraitli,"Təmirli, Qaz, Su, İşıq, Telefon, İnternet, Kabel TV, Lift, PVC pəncərə, Balkon, Kombi, Mərkəzi qızdırıcı sistem, Kondisioner, Mətbəx mebeli, Əşyalı, Avtodayanacaq",Əli (Vasitəçi),(055) 555-83-83,30.12.2025,7626827,212,Xeyr,Xeyr,40.37719490602477,49.83081370040347,2026-01-01T15:02:54.120753
plaza,https://arenda.az/kiraye-ayliq-6-otaqli-ofis-xetai-rayonu-xetai-metrosu-y-seferov-kucesi-33a-kristal-plaza,Kirayə (aylıq) Ofis,Ofis,9 000,9 000,Nərimanov r.,"Y.Səfərov küçəsi 33A, Kristal Plaza",6,240,,,Crystal Plazada müxtəlif ölçülü ofis otaqları icarəyə verilir. Əmlak şirkətlərinə 30% ödəniş olunur. Ətraflı məlumat üçün zəng edin.,"İnternet, Kondisioner, Avtodayanacaq",Elçin (Əmlak sahibi),(051) 899-44-99,29.12.2025,9053714,135,Xeyr,Xeyr,,,2026-01-01T15:02:54.436530
kucesi,https://arenda.az/kiraye-ayliq-3-otaqli-ofis-nerimanov-rayonu-aga-nemetulla-kucesi,Kirayə (aylıq) Ofis,Ofis,9 000,9 000,Nərimanov r.,Ağa Nemətulla küçəsi,3,120,,,Heydər Əliyev prospekti ilə Ağa Nemətulla küçəsinin kəsişməsində yerləşən 9 mərtəbəli binanın 9-cu mərtəbəsindi yerləşən 120kv sahəyə malik 3 otaqlı ofis icarəyə verilir. Ofisə lift qalxır. Ətrafında maşın saxlamağa şəraiti var. Bundan əlavə başqa ölçüdə otaqlarda var.,,Xan Azəroğlu (Vasitəçi),(070) 799-66-00,29.12.2025,9394782,674,Xeyr,Xeyr,40.399901991785576,49.87505293764353,2026-01-01T15:02:54.969953
108,https://arenda.az/satilir-torpaq-xezer-rayonu-suvelan-suvelan-108,Satılır Torpaq,Torpaq,140 000,140 000,"Şüvəlan, Xəzər r.",şüvəlan,,,,,"Şüvelan qesebesinde cox prestijli bir yerde, Mayakda, Mayaka dusende 1- ci 4 yoldan saga ,11- ci dalanda , yoldan texminen 300-400 metr iceride , sirf villalar olan mehellede 6 sot torpaq sahesi satilir.Onu da əlavə edək ki , torpaq sahesinin içərisində daş işi görülmüş 2 mərtəbəli modern ev də var .Heyet hasara alinib, qapisi qoyulub, yolu asfaltlidir. Etrafi yasayis evleri ve villalardir.Sakit, rahat, prestijli bir mehelledir.Qazi, isiqi, icmeli suyu, telefon-internet xetti daimidir.Senedleri tam qaydasindadir [kupça 6 sot ].",,ABŞERON BAĞLARI (Vasitəçi),(055) 231-81-00,01.01.2026,9369056,17,Bəli,Xeyr,,,2026-01-01T15:02:55.323416
204,https://arenda.az/satilir-torpaq-xezer-rayonu-suvelan-suvelan-qesebesi-204,Satılır Torpaq,Torpaq,140 000,140 000,"Şüvəlan, Xəzər r.",Şüvəlan qəsəbəsi,,,,,"Şüvelan qesebesinde çox prestijli bir yerde, şeherden uzu Şüvelana gelende,""Şüvelan Park"" ve ""Mc Donalds""i kecdikden sonra, ""Dovlet Iqametgahi"" ile uzbeuz mehellede, merkezi magistral yoldan texminen 200-300 metre iceride 4 terefi yasayis olan mehellede 16 sot torpaq sahesi satilir.Heyetyani sahesinde coxlu sayda meyve ve hemiseyasil dekorativ şam ağacları da mövcuddur. İçmeli su, qaz, işıq techizatı, telefon-internet xetti, kanalizasiya sistemi daimidir.Torpaq sahesi hasara alinib,qapisi qoyulub,yolu asfaltlidir.Torpaq sahesi rahatliqla bolguye gedir. Etrafi yasayis evleri ve villalardir. Sakit,rahat,prestijli bir mehelledir. Senedleri tam qaydasindadir [kupca]","Qaz, Su, İşıq, Telefon",Samir (Vasitəçi),(055) 231-81-00,01.01.2026,6368036,57,Bəli,Xeyr,,,2026-01-01T15:02:55.921930
88b,https://arenda.az/kiraye-ayliq-1-otaqli-ofis-nesimi-rayonu-nizami-metrosu-kubinka-samil-ezizbeyov-88b,Kirayə (aylıq) Ofis,Ofis,9 000,9 000,Nərimanov r.,Şamil Əzizbəyov 88b,1,30,,,"Yeni tikilidə 17 mərtəbəli binanın 15-ci mərtbəsində ofis daxilində əla təmirli otaq icarəyə verilir. Nizami metrosuna 5 dəqiqəlik məsafədə, Xarici İşlər Nazirliyinin arxasında yerləşir. Otaq əşyasız verilir. Otaq da ayrıca balkon və qarderob var. Su,işıq,qaz,kondisioner,mətbəx mebeli,soyuducu,kombi sistemi var. Qiymətə wifi və komendant ödənişi daxildir. Binanın şəxsi parkinq yeri var.","Təmirli, Qaz, Su, İşıq, İnternet, Lift, PVC pəncərə, Balkon, Kombi, Mərkəzi qızdırıcı sistem, Kondisioner, Avtodayanacaq",Heydər (Əmlak sahibi),(055) 300-44-99,30.12.2025,1919787,259,Xeyr,Xeyr,,,2026-01-01T15:02:56.114201
297,https://arenda.az/satilir-torpaq-xezer-rayonu-suvelan-suvelan-qesebesi-297,Satılır Torpaq,Torpaq,140 000,140 000,"Şüvəlan, Xəzər r.",Şüvəlan qəsəbəsi,,,,,"Şüvelan qesebesinde cox prestijli bir yerde, ""Polis Akademiyasi"" ile uzbeuz ""Bravo Market""in arxasindan uzu Qalaya gedende sol terefde, ""Ag Ev""in arxa kucesinde, diger alternativ yolu ise Suvelan Qala yolunda Suvelandan uzu Qalaya gedende sag terefde 4 terefi yasayis olan mehellede 6 sot torpaq sahesi satilir. Torpaq sahesi hasara alinib,qapisi qoyulub,yolu asfaltlidir. Etrafi yasayis evleri ve villalardir.Torpaq sahesi rahatliqla bolguye gedir.Sakit,rahat,prestijli bir mehelledir.Qazi,isiqi,icmeli suyu,telefon-internet xetti daimidir.Senedleri tam qaydasindadir [kupca].","Qaz, Su, İşıq, Telefon",Rahat ev (Vasitəçi),(055) 231-81-00,01.01.2026,8615559,32,Bəli,Xeyr,40.37336527040737,49.835700083690874,2026-01-01T15:02:56.623579
438,https://arenda.az/satilir-torpaq-xezer-rayonu-merdekan-merdekan-qesebesi-438,Satılır Torpaq,Torpaq,140 000,140 000,"Şüvəlan, Xəzər r.",Mərdəkan qəsəbəsi,,,,,"Merdekan qesebesinde cox prestijli bir yerde, Merdekan Buzovna yolunda, Merdekandan uzu Buzovnaya gedende, ""Encirlik"" marketi kecenden sonra yolun saginda merkezi magistral yoldan texminen 350-400 metre iceride,sirf villalar olan kucede 24 sot torpaq sahesi satilir.Torpaq sahesi hasara alinib,qapisi qoyulub,yolu asfaltlidir. Etrafi yasayis evleri ve villalardir.Torpaq sahesi rahatliqla bolguye gedir.Sakit,rahat,prestijli bir mehelledir.Qazi,isiqi,icmeli suyu, telefon-internet xetti daimidir.Senedleri tam qaydasindadir [kupca 21 sot].","Qaz, Su, İşıq, Telefon",Samir (Vasitəçi),(055) 231-81-00,01.01.2026,3742897,47,Bəli,Xeyr,40.37336527040737,49.835700083690874,2026-01-01T15:02:57.098325
561,https://arenda.az/satilir-torpaq-xezer-rayonu-merdekan-merdekan-qesebesi-561,Satılır Torpaq,Torpaq,140 000,140 000,"Şüvəlan, Xəzər r.",merdekan qesebesi,,,,,"Merdekanda çox prestijli bir yerde , "" Teymur Quliyev "" sanotoriyasinin arxasinda , 4 terefi yaşayış ve bag evleri olan mehellede 12 sot torpaq sahesi satılır.Torpaq sahesi hasara alinib,qapisi qoyulub,yolu asfaltlidir. Etrafi yasayis evleri ve villalardir.Torpaq sahesi rahatliqla bolguye gedir.Sakit,rahat,prestijli bir mehelledir.Qazi,isiqi,icmeli suyu, telefon xetti daimidir.Senedleri tam qaydasindadir [kupca]","Qaz, Su, İşıq, Telefon",MƏRDƏKAN BAĞLARI (Vasitəçi),(055) 231-81-00,01.01.2026,8441350,83,Bəli,Xeyr,40.47900184938474,50.152534617114355,2026-01-01T15:02:57.571750
incek,https://arenda.az/satilir-7-otaqli-xarici-emlak-turkiye-ankara-incek,Satılır Xarici Əmlak,Xarici Əmlak,374 000,374 000,,Ankara – İncek,7,1300,,,"Ankara – İncek | Premium bölgədə ultra-lüks villa Ankaranın ən prestijli yaşayış zonalarından olan İncek ərazisində, premium villalar bölgəsində yerləşən, 8 villadan ibarət qapalı kompleksdə 3 mərtəbəli ultra-lüks 6+1 villa satılır. Kompleks uzun illər keçmiş bürokratların yaşadığı sakit və seçkin mühitə malikdir. Əsas göstəricilər: Həyət sahəsi: 1300 m² Mərtəbə sayı: 3 Otaq sayı: 6+1 Ünvan: İncek, Ankara Maraqlanan şəxslər üçün video-görüntü ilə ev təqdimatı mümkündür. Tikinti 6 ay ərzində tamamlanacaqdır. Qeyd: Elana əlavə olunan ilk 2 foto binanın real görüntüləridir, digər fotolar isə planlaşdırılmış dizayn fotolarıdır. Əlaqə: Mahmut Çakar (Türkiyə nömrəsi)",,Mahmut Çakar (Vasitəçi),905419436614,19.12.2025,1910177,118,Bəli,Bəli,,,2026-01-01T15:02:57.721023
138,https://arenda.az/satilir-3-otaqli-xarici-emlak-eliesref-elizade-138,Satılır Xarici Əmlak,Xarici Əmlak,4 760 000,4 760 000,Türkiyə,Əliesref Əlizade 138,3,150,,,"Находится в центре города,рядом кофешопы,очень много вещей остаются,",,Efqan (Əmlak sahibi),0503200117,17.12.2025,8489169,765,Bəli,Bəli,,,2026-01-01T15:02:57.862151
4,https://arenda.az/satilir-3-otaqli-xarici-emlak-turkiye-antalya-4,Satılır Xarici Əmlak,Xarici Əmlak,4 760 000,4 760 000,Türkiyə,Antalya,3,125,,,"Antalyani. Alanya şehrinde 3 otaq tam təmirli eşyali menzil satılır ve ya ✓Barter olunur menzil✓ ile , Sahəsi 125 KV , 3 otaq, Hovuz, uşaq hovuzu ,Fitness club, kafe restoran",,Elvin (Əmlak sahibi),0556973889,16.12.2025,2526865,112,Bəli,Bəli,,,2026-01-01T15:02:58.074059
28,https://arenda.az/satilir-3-otaqli-xarici-emlak-turkiye-istanbul-28,Satılır Xarici Əmlak,Xarici Əmlak,4 760 000,4 760 000,Türkiyə,istanbul,3,100,,,"Satılır, 2+1 Esenyurt Güzelyurt Mahallesi",,Yusif (Vasitəçi),5423587809,14.12.2025,5334481,202,Bəli,Bəli,41.01268470808331,28.665223861403582,2026-01-01T15:02:58.245767
3,https://arenda.az/satilir-1-otaqli-xarici-emlak-gurcustan-andria-pirveltscdebuli-3a-dalan-3,Satılır Xarici Əmlak,Xarici Əmlak,4 760 000,4 760 000,Türkiyə,"Andria Pirveltscdebuli 3a, dalan 3",1,29,,,"“ROTANA by PONTUS DEVELOPMENT” Qonioda birinci sahil xəttində eksklüziv 5 ulduzlu SPA və premium xidmətli otel kompleksi. Əsas xüsusiyyətlər: • Kompleksdə rahat istirahət üçün lazım olan hər şey var: özəl çimərlik, incə restoranlar, kazino, SPA mərkəzi, örtülü və açıq hovuz, modern idman zalı, uşaqlar üçün ayrıca interaktiv zona, özəl çimərlik, bağ və dayanacaq. • Eksklüziv layihə: Beş ulduzlu otel, ""ROTANA"" şəbəkəsinin Qara dəniz sahilindəki ilk investisiya layihəsi olacaq. Bu, 24 ölkənin 46 şəhərində 100-dən çox oteli olan və tikinti və xidmətdə yüksək standartları təmsil edən qlobal otel brendidir. ""ROTANA"" otellər şəbəkəsi ildə orta hesabla 6.000.000 qəbul edir. Şəbəkənin 2025-ci il üçün otaq fondu 21.176 otaqdan ibarətdir. Dünyada 600.000 turizm agentliyi ""ROTANA"" bron sistemindən istifadə edir. ""ROTANA"" otellər şəbəkəsinə ""Rotana Hotels & Resorts"", ""Rayhaan Hotels & Resorts"" kimi əsas brendlər, həmçinin ""Edge by Rotana"" və ""Arjaan Hotel Apartments by Rotana"" kimi yeni brendlər daxildir. • İstirahətinizi təmin edin: Otaq sahibləri ildə 28 günə qədər oteldə 60% endirimlə qala biləcəklər. İnvestisiyanın gəliri: Sahiblər otaq fondunun gəlirinin 50%-ə qədərini əldə edə bilərlər, qalan 50% isə əməliyyat, vergi və digər xərclərin ödənilməsi üçün istifadə olunacaq. 2027-ci ilə qədər dəyər artımı – 35%-ə qədər, İİG (IRR) – ildə 14%-ə qədər. ""Geriyə alqı"" seçimi mövcuddur. İnfrastruktur: Otelin infrastrukturu ""ROTANA"" brendi tərəfindən müəyyən edilmiş 5 ulduzlu standartlara tam cavab verir və həm mövsümün pik dövrlərində, həm də mövsümdənkənar dövrlərdə yüksək səviyyədə rahat qalmaq üçün geniş çeşidli xidmətlər təklif edir. ""Mükəmməl xidmət və ""ROTANA"" otellər şəbəkəsinin tanınmışlığı bütün il boyu yüksək doluluq və gəlirlilik səviyyəsini zəmanət verir. Yerləşmə üstünlükləri: Kompleks Batumun cənub hissəsində, elit və aktiv inkişaf edən Qonio qəsəbəsində yerləşir. Qonioda regionun ən geniş çimərlikləri və təmiz dənizi var. Qonio Türkiyə sərhədindən 10 dəqiqə, Batumun mərkəzindən isə 20 dəqiqə məsafədə yerləşir. Səs-küylü şəhər mərkəzindən fərqli olaraq, Qonio sakit və mülayim bir atmosfer təklif edir, bu da onu ən səssiz rayon edir. Layihə haqqında: • Obyektin növü: Otel • İstismara verilmə: 2027-ci ilin 2-ci rübü • Bitirmə növləri: Quraşdırılmış mətbəx, təmir edilmiş • Korpusların sayı: 1 • Mərtəbə sayı: 27 • Su təchizatı: Var • Mebel: Var • Balkon: Var • Lot növləri: Otel type yaşayış sahələri • Tikinti mərhələləri: Tikinti mərhələsindədir • Dayanacaq növü: Açıq dayanacaq, Yeraltı dayanacaq Satış: • Studiya: 29–41 m², $152.624–198.387, 4792–5191$/m² • 1 yataq otağı: 49–101 m², $316.748–513.320, 4792–5082 $/m² İlkin ödəniş: 20%-dən Güzəşt müddəti: 27 ay Layihənin üstünlükləri: Əyləncə • Kazino Uşaqlar üçün • Oyun zonası / Otaq otağı • Uşaq meydançası Hovuz və SPA • Örtülü hovuz • Açıq hovuz • Spa mərkəzi İdman • İdman zalı Ərazi • Görüş otağı • Qonaqlar üçün lobbi • İstirahət zonası Əlavə • Restoran / Kafe • Şərab evi və sairə Ətraflı, sorğu ilə. /Çərçivələrdən kənara çıx! İmkanlardan yaralan. Əmlak coğrafiyasını genişləndir. 4 qitə, 11 ölkə, +700 layihə. Kapitalı artır! Gəlir qazan! Xaricdə gəlirli əmlaka sərmayə. İndi əlaqə saxla! İndi başla! Sabah bir addım irəlidə ol. Prosses boyu müşayiət və hüquqi dəstək. Xidmətə görə komissiya 0%",,Aydin Mammadov (Vasitəçi),(055) 773-15-59,14.10.2025,3111285,880,Bəli,Bəli,41.560692181603706,41.566137933985914,2026-01-01T15:02:58.406335
9,https://arenda.az/kiraye-ayliq-obyekt-nesimi-rayonu-28-may-metrosu-azadliq-prospekt-9,Kirayə (aylıq) Obyekt,Obyekt,3 000,3 000,"İçərişəhər m., Səbail r.",Azadlıq prospekt,,320,,,"Nəsimi rayonu 28 ay metro yaxınlığında yeni tikili 16/1-ci mərtəbə, 320 kv.m tikili sahəsi qeyri yaşayış çıxarışı olan 7 otaqlı obyekt icarəyə verilir.Obyekin qarşısında parking var.Əlavə məlumat almaq üçün zəng edə bilərsiniz.Ofis xidmət haqqı 30 % dir.",Təmirli,Məva Əmlak (Vasitəçi),(010) 312-34-22,01.01.2026,5485615,1,Xeyr,Xeyr,40.38025764192005,49.84754471869891,2026-01-01T15:03:40.210634
49,https://arenda.az/satilir-4-otaqli-heyet-evi-villa-xezer-rayonu-bine-qes-xezer-rayon-bine-qesebesi-49,Satılır Həyət evi/villa,Həyət evi/villa,135 000,135 000,"Masazır, Abşeron r.",Xəzər rayon Binə qəsəbəsi,4,100,,,"Təcli satılır.Xəzər rayon Binə qəsəbəsində yeni təmirdən çixmiş tamm təmirli 4 otaqlı ev satılır.Su,Qaz,İşıq daimdir.Konbi xətləri quraşdirilibdir.Evin yaxinliqinda marketler,aptekler,məktəb,baxça vardır.Su dövlət suyudur.Ev 160 yoluna yaxin yerde yerləşir eve qədər asvalt yoldur.Evin bütün aboylari vurulubdur ve hamam aksesuarlari qoyulubdur.Daha ətraflı məlumat üçün qeyd olunan nömrə ilə əlaqa saxlaya bilərsiz.Real aliciya gözəl endirim olacag.","Təmirli, Qaz, Su, İşıq, Telefon, İnternet, Kabel TV, PVC pəncərə, Kombi, Avtodayanacaq",Yusif (Əmlak sahibi),(051) 748-75-45,01.01.2026,2742944,1,Bəli,Bəli,40.45809447865627,50.08535566349792,2026-01-01T15:03:49.175283
83,https://arenda.az/satilir-3-otaqli-heyet-evi-villa-abseron-rayonu-masazir-eliaga-vahid-83,Satılır Həyət evi/villa,Həyət evi/villa,135 000,135 000,"Masazır, Abşeron r.",Əliağa Vahid,3,65,,,"Salam. Masazırda Masazır CÜMƏ MƏSCİDİNƏ 150 m məsafədə yerləşən həyət evi satılır. 0.8 sotda 65 kv 3 otaqlı tam təmirli həyət evidir. Qaz, su, işıq daimidir. Sayğacları var. İstilik sistemi kombidir və tam işlək vəziyyətdədir. Qiymətdə endirim olacaq.","Təmirli, Qaz, Su, İşıq, İnternet, PVC pəncərə, Kombi",Tebriz (Vasitəçi),(070) 636-37-57,01.01.2026,5206595,1,Bəli,Bəli,,,2026-01-01T15:04:10.570549
7,https://arenda.az/satilir-2-otaqli-yeni-tikili-xirdalan-xirdalan-seheri-hesen-eliyev-7,Satılır Yeni Tikili,Yeni Tikili,136 000,136 000,"Masazır, Abşeron r.","Xirdalan şeheri, Hesen Eliyev 7",2,55,3,17,"Blue Cıty Yaşayış kompleksi, Bakı Mühendislik üniversitetinin tam yanı , Xırdalanın içinde deyil yerleşme mövqeyi çox gözel yerdedir. Bakı-Sumqayıt yoluna birbaşa çıxış. Bütün sayğaclar birleşdirilib: ✅ Qaz ✅ İşıq ✅ Su ✅ İnternet ✅ Lift Aktıv ✅ Libyotka pul ödenilib ✅ Malıyye arayışı alınıb ✅ Sayğacların pulu ödenilib ✅ Tehvıl-teslım aktı alınıb ✅ Yaşayısı tam hazır Şirket qiymetinden çox aşagı teklif olunur, hal-hazırda şırketde 1 kv/m 1600 AZN- den başlayır. Men satıram 1 kv/m 1500 AZN - e. Yeraltı qaraj mövcuddur. Qarşısında bina yoxdur, tam açıq menzerededir . Al anında temir et gir yaşa. Kompleksin daxilinde fealiyyet gösterir: Supermarket, coffeshop, aptek , butık. Qiymetı süretle artıb deyerlenen emlakdır. Menzil 4D 17 mertebelı binanın 3-cü mertebesinde yerleşir,şehere çox yaxın bir o qeder de sakit yerdedir. En üstünü ıse tam orta ve kvadrat menzildir. Makler deyilem şexsi evimdır, birinci sahibiyem. Alqı satqının xercleri men terefden alana hedıyye olsun.","Təmirsiz, Qaz, Su, İşıq, Telefon, İnternet, Lift, Kombi, Mərkəzi qızdırıcı sistem, Avtodayanacaq",Ferid (Əmlak sahibi),(070) 968-68-65,01.01.2026,8309717,1,Bəli,Xeyr,,,2026-01-01T15:04:30.010495
